Index,Location,Name,Category,Time,Image,url,Timings
1,T3,4 Fingers Crispy Chicken,Fast Food,2-3 hours,https://d22ir9aoo7cbf6.cloudfront.net/wp-content/uploads/sites/2/2018/10/Saltwater-Halal-Restaurants-Singapore-1024x731.png,https://maps.google.com/?cid=9266259424122822557,1030 AM - 2 AM
2,T1,4 Fingers Crispy Chicken,Fast Food,2-3 hours,https://d22ir9aoo7cbf6.cloudfront.net/wp-content/uploads/sites/2/2018/10/Saltwater-Halal-Restaurants-Singapore-1024x731.png,https://maps.google.com/?cid=7794164807286069570,1030 AM - 2 AM
3,Jewel,A&W,Fast Food ,2-3 hours,https://d22ir9aoo7cbf6.cloudfront.net/wp-content/uploads/sites/2/2018/10/Saltwater-Halal-Restaurants-Singapore-1024x731.png,"https://www.google.com/maps/place/A%26W+-+Jewel/@1.3601071,103.9899949,17z/data=!3m2!4b1!5s0x31da3c8963249ae3:0xc478987240ae1e46!4m5!3m4!1s0x31da3d9abe107e11:0x46c78ac67e238b2e!8m2!3d1.3601071!4d103.9899949",7 AM - 3 AM
4,T3,A-One Signature,Claypot/ Chinese,2-3 hours,https://d22ir9aoo7cbf6.cloudfront.net/wp-content/uploads/sites/2/2018/10/Saltwater-Halal-Restaurants-Singapore-1024x731.png,https://maps.google.com/?cid=1616732864880375613,1030 AM - 11 PM
5,Jewel,A-One Signature,Claypot/ Chinese,2-3 hours,https://d22ir9aoo7cbf6.cloudfront.net/wp-content/uploads/sites/2/2018/10/Saltwater-Halal-Restaurants-Singapore-1024x731.png,"https://www.google.com/maps/place/A-One+Signature/@1.3602882,103.9899195,17z/data=!3m2!4b1!5s0x31da3c8963249ae3:0xc478987240ae1e46!4m5!3m4!1s0x31da3d87ebc34969:0x69a84797c4f18f14!8m2!3d1.3602882!4d103.9899195",7 AM - 2 AM
6,Jewel,Aloha Poke,Hawaiian ,2-3 hours,https://d22ir9aoo7cbf6.cloudfront.net/wp-content/uploads/sites/2/2018/10/Saltwater-Halal-Restaurants-Singapore-1024x731.png,"https://www.google.com/maps/place/Aloha+Pok%C3%A9+(Jewel+Changi+Airport)/@1.3597677,103.9897944,17z/data=!3m1!4b1!4m5!3m4!1s0x31da3d4ef1ae3743:0x6babe99c68a31bf5!8m2!3d1.3597677!4d103.9897944",10 AM - 12 AM
7,Jewel,An Acai Affair,Juice Bar,2-3 hours,https://d22ir9aoo7cbf6.cloudfront.net/wp-content/uploads/sites/2/2018/10/Saltwater-Halal-Restaurants-Singapore-1024x731.png,"https://www.google.com/maps/place/AN+ACAI+AFFAIR/@1.3603215,103.9894945,17z/data=!3m2!4b1!5s0x31da3c8963249ae3:0xc478987240ae1e46!4m5!3m4!1s0x31da3d438ec5ca5b:0x2ee1721427c6bdae!8m2!3d1.3603215!4d103.9894945",7 AM - 12 AM
8,Jewel,Andersen's of Denmark,Ice Cream,2-3 hours,https://d22ir9aoo7cbf6.cloudfront.net/wp-content/uploads/sites/2/2018/10/Saltwater-Halal-Restaurants-Singapore-1024x731.png,"https://www.google.com/maps/place/Andersen's+of+Denmark/@1.3602203,103.9903562,17z/data=!3m2!4b1!5s0x31da3c8963249ae3:0xc478987258a3f6e7!4m5!3m4!1s0x31da3dd55d3e1bc3:0xb4ddf5724ab79bce!8m2!3d1.3602203!4d103.9903562",9 AM - 11 PM
9,T4,Andes by Astons,Halal,2-3 hours,https://d22ir9aoo7cbf6.cloudfront.net/wp-content/uploads/sites/2/2018/10/Saltwater-Halal-Restaurants-Singapore-1024x731.png,"https://www.google.com/maps/place/Andes+by+Astons/@1.337121,103.9827884,17z/data=!3m1!4b1!4m5!3m4!1s0x31da3cc7761ab9e7:0x6bcecd9ea9c78ca9!8m2!3d1.337121!4d103.9827884",1030 AM - 11 PM
10,T2,Archipalego Craft Brew House,Beer Bar,2-3 hours,https://d22ir9aoo7cbf6.cloudfront.net/wp-content/uploads/sites/2/2018/10/Saltwater-Halal-Restaurants-Singapore-1024x731.png,http://www.changiairport.com/content/cag/en/maps.html#20/1.3558955/103.990085/-67,Open 24 hours
11,Jewel,Arteastiq Bistro,Western,2-3 hours,https://d22ir9aoo7cbf6.cloudfront.net/wp-content/uploads/sites/2/2018/10/Saltwater-Halal-Restaurants-Singapore-1024x731.png,"https://www.google.com/maps/place/Arteastiq/@1.3605494,103.9881384,17z/data=!3m1!5s0x31da3c8963249ae3:0xc4789872f4d1d33a!4m8!1m2!2m1!1sArteastiq+Bistro+Jewel+changi+airport!3m4!1s0x31da3c89797cbd27:0x5be43545b6b34fac!8m2!3d1.3605494!4d103.9903271",10 AM - 12 AM
12,Jewel,Auntie Annie's,Bakery,2-3 hours,https://d22ir9aoo7cbf6.cloudfront.net/wp-content/uploads/sites/2/2018/10/Saltwater-Halal-Restaurants-Singapore-1024x731.png,"https://www.google.com/maps/place/Auntie+Anne's/@1.3603121,103.9874635,17z/data=!3m1!5s0x31da3c8963249ae3:0xc478987240ae1e46!4m8!1m2!2m1!1sAuntie+Annie's+Jewel+changi+airport!3m4!1s0x31da3c8bd79fa6b9:0x878f136f04e8932a!8m2!3d1.3603121!4d103.9896522",7 AM - 12 AM
13,T2,Bakery Cuisine,Bakery,2-3 hours,https://d22ir9aoo7cbf6.cloudfront.net/wp-content/uploads/sites/2/2018/10/Saltwater-Halal-Restaurants-Singapore-1024x731.png,"https://www.google.com/maps/place/Bakery+Cuisine/@1.3534863,103.9867675,16.3z/data=!4m8!1m2!2m1!1sBakery+Cuisine+T2!3m4!1s0x0:0xcfc6c6c1b9ea5613!8m2!3d1.3544082!4d103.9887621",Open 24 hours
14,T4,Bakery Cuisine,Bakery,2-3 hours,https://d22ir9aoo7cbf6.cloudfront.net/wp-content/uploads/sites/2/2018/10/Saltwater-Halal-Restaurants-Singapore-1024x731.png,"https://www.google.com/maps/place/Bakery+Cuisine/@1.2935508,103.784606,17z/data=!3m1!4b1!4m5!3m4!1s0x31da1a522e466005:0x127e3f29e761b27c!8m2!3d1.2935508!4d103.784606",7 AM - 11 PM
15,T3,Beard Papa's,Bakery,2-3 hours,https://d22ir9aoo7cbf6.cloudfront.net/wp-content/uploads/sites/2/2018/10/Saltwater-Halal-Restaurants-Singapore-1024x731.png,"https://www.google.com/maps/place/Beard+Papa+Singapore/@1.3563291,103.9803197,15z/data=!4m8!1m2!2m1!1sBeard+Papa's+T3!3m4!1s0x31da3c8cfa0feeff:0xa06bbf3f46fba0a2!8m2!3d1.356716!4d103.98651",10 AM - 11 PM
16,Jewel,Beauty in the Pot,Hotpot,2-3 hours,https://d22ir9aoo7cbf6.cloudfront.net/wp-content/uploads/sites/2/2018/10/Saltwater-Halal-Restaurants-Singapore-1024x731.png,"https://www.google.com/maps/place/Beauty+In+The+Pot/@1.3596527,103.9896771,17z/data=!3m2!4b1!5s0x31da3c8963249ae3:0xc478987240ae1e46!4m5!3m4!1s0x31da3c8c09026379:0x7128e9144cf10a89!8m2!3d1.3596527!4d103.9896771",10 AM - 11 PM
17,Jewel,Big Bird,Singaporean ,2-3 hours,https://d22ir9aoo7cbf6.cloudfront.net/wp-content/uploads/sites/2/2018/10/Saltwater-Halal-Restaurants-Singapore-1024x731.png,"https://www.google.com/maps/place/Big+Bird/@1.3601515,103.9873741,17z/data=!3m1!5s0x31da3c8963249ae3:0xc478987240ae1e46!4m8!1m2!2m1!1sBig+Bird+Jewel+changi+airport!3m4!1s0x31da3c8bd9bc2d57:0xd27dafaacb6021bb!8m2!3d1.3601515!4d103.9895628",7 AM - 12 AM
18,T3,Bikanervala,Indian,2-3 hours,https://d22ir9aoo7cbf6.cloudfront.net/wp-content/uploads/sites/2/2018/10/Saltwater-Halal-Restaurants-Singapore-1024x731.png,https://maps.google.com/?cid=16749917869595933353,7 AM - 12 AM
19,Jewel,Birds of Paradise,Desert,2-3 hours,https://d22ir9aoo7cbf6.cloudfront.net/wp-content/uploads/sites/2/2018/10/Saltwater-Halal-Restaurants-Singapore-1024x731.png,"https://www.google.com/maps/place/Birds+of+Paradise/@1.3606855,103.9865453,17.59z/data=!4m8!1m2!2m1!1sbirds+of+paradise+jewel+changi+airport!3m4!1s0x0:0x16c9ea49ac95a6e5!8m2!3d1.3600104!4d103.9896519",12 PM - 11 PM
20,T2,Boost Juice Bars,Juice Bar,2-3 hours,https://d22ir9aoo7cbf6.cloudfront.net/wp-content/uploads/sites/2/2018/10/Saltwater-Halal-Restaurants-Singapore-1024x731.png,"https://www.google.com/maps/place/Boost+Juice+Bars/@1.3557816,103.9879457,17z/data=!3m1!4b1!4m5!3m4!1s0x31da3c8e7942eadb:0xdcf6a444a9bf67b6!8m2!3d1.3557816!4d103.9901344",6 AM - 1 AM
21,Jewel,Boost Juice Bars,Juice Bar,2-3 hours,https://d22ir9aoo7cbf6.cloudfront.net/wp-content/uploads/sites/2/2018/10/Saltwater-Halal-Restaurants-Singapore-1024x731.png,"https://www.google.com/maps/place/Boost+Juice+Bars/@1.3543381,103.985422,15.26z/data=!3m1!5s0x31da3c8963249ae3:0xc478987240ae1e46!4m8!1m2!2m1!1sBoost+Juice+Bars+Jewel+changi+airport!3m4!1s0x0:0x1d2fb79ba1af275e!8m2!3d1.3603503!4d103.9894661",7 AM - 12 AM
22,T2,Bowl Thai,Thai,2-3 hours,https://d22ir9aoo7cbf6.cloudfront.net/wp-content/uploads/sites/2/2018/10/Saltwater-Halal-Restaurants-Singapore-1024x731.png,http://www.changiairport.com/content/cag/en/maps.html#20/1.3549988/103.9891359/-67,6 AM - 1 AM
23,Jewel,Burger & Lobster,Fast Food,2-3 hours,https://d22ir9aoo7cbf6.cloudfront.net/wp-content/uploads/sites/2/2018/10/Saltwater-Halal-Restaurants-Singapore-1024x731.png,"https://www.google.com/maps/place/Burger+%26+Lobster+Jewel+Changi+Airport/@1.360448,103.9900433,17z/data=!3m2!4b1!5s0x31da3c8963249ae3:0xc4789872f4d1d33a!4m5!3m4!1s0x31da3c897c46179b:0xdabd35e8ea973e14!8m2!3d1.360448!4d103.9900433",10 AM - 12 AM
24,T1,Burger King,Fast Food,2-3 hours,https://d22ir9aoo7cbf6.cloudfront.net/wp-content/uploads/sites/2/2018/10/Saltwater-Halal-Restaurants-Singapore-1024x731.png,https://maps.google.com/?cid=11530504002253391373,Open 24 hours
25,T3,Burger King,Fast Food,2-3 hours,https://d22ir9aoo7cbf6.cloudfront.net/wp-content/uploads/sites/2/2018/10/Saltwater-Halal-Restaurants-Singapore-1024x731.png,https://maps.google.com/?cid=11530504002253391373,Open 24 hours
26,Jewel,Burger King,Fast Food,2-3 hours,https://d22ir9aoo7cbf6.cloudfront.net/wp-content/uploads/sites/2/2018/10/Saltwater-Halal-Restaurants-Singapore-1024x731.png,"https://www.google.com/maps/place/Burger+King+-+Changi+Airport/@1.3599792,103.987091,17z/data=!3m2!4b1!5s0x31da3c8963249ae3:0xc478987240ae1e46!4m5!3m4!1s0x31da3d074eafdf93:0x943ac48e534bf138!8m2!3d1.3599792!4d103.9892797",Open 24 hours
27,Jewel,Café Amazon,Cafe,2-3 hours,https://d22ir9aoo7cbf6.cloudfront.net/wp-content/uploads/sites/2/2018/10/Saltwater-Halal-Restaurants-Singapore-1024x731.png,"https://www.google.com/maps/place/Caf%C3%A9+Amazon/@1.3607049,103.9875477,17z/data=!3m1!5s0x31da3c8963249ae3:0xc478987258a3f6e7!4m8!1m2!2m1!1sCaf%C3%A9+Amazon+Jewel+changi+airport!3m4!1s0x31da3d3e095de1e3:0x772fbf102e43520d!8m2!3d1.3607049!4d103.9897364",10 AM - 10 PM
28,Jewel,Café Morozoff,Cafe,2-3 hours,https://d22ir9aoo7cbf6.cloudfront.net/wp-content/uploads/sites/2/2018/10/Saltwater-Halal-Restaurants-Singapore-1024x731.png,"https://www.google.com/maps/place/Morozoff/@1.3606344,103.9878902,17z/data=!3m1!5s0x31da3c8963249ae3:0xc478987258a3f6e7!4m8!1m2!2m1!1sCaf%C3%A9+Morozoff+Jewel+changi+airport!3m4!1s0x31da3c897eda7eb9:0xf342d08eae0d160b!8m2!3d1.3606344!4d103.9900789",10 AM - 10 PM
29,Jewel,Café & Meal Muji,Cafe,2-3 hours,https://d22ir9aoo7cbf6.cloudfront.net/wp-content/uploads/sites/2/2018/10/Saltwater-Halal-Restaurants-Singapore-1024x731.png,"https://www.google.com/maps/place/Caf%C3%A9+%26+Meal+MUJI+JEWEL/@1.3607148,103.989151,17z/data=!3m2!4b1!5s0x31da3c8963249ae3:0xc47898720f015825!4m5!3m4!1s0x31da3dabc0374c43:0xd71e4bea7610524!8m2!3d1.3607148!4d103.989151",10 AM - 10 PM
30,T3,Canton Paradise Congee & Noodle Bar,Fast Food,2-3 hours,https://d22ir9aoo7cbf6.cloudfront.net/wp-content/uploads/sites/2/2018/10/Saltwater-Halal-Restaurants-Singapore-1024x731.png,https://maps.google.com/?cid=15626425642788053296,8 30 AM - 11 PM
31,T1,Cedele,Café/ Bakery,2-3 hours,https://d22ir9aoo7cbf6.cloudfront.net/wp-content/uploads/sites/2/2018/10/Saltwater-Halal-Restaurants-Singapore-1024x731.png,http://www.changiairport.com/content/cag/en/maps.html#20/1.3621224/103.9914803/-67,6 AM - 12 AM
32,Jewel,Cedele Bakery Kitchen,Café/ Bakery,2-3 hours,https://d22ir9aoo7cbf6.cloudfront.net/wp-content/uploads/sites/2/2018/10/Saltwater-Halal-Restaurants-Singapore-1024x731.png,"https://www.google.com/maps/place/Cedele/@1.3600458,103.9872712,17z/data=!3m1!5s0x31da3c8963249ae3:0xc4789872824ef378!4m8!1m2!2m1!1sCedele+Bakery+Kitchen+Jewel+changi+airport!3m4!1s0x31da3c8bdbd8a97f:0xa38dcf836635070!8m2!3d1.3600458!4d103.9894599",10 AM - 10 PM
33,T2,Central Thai,Thai,2-3 hours,https://d22ir9aoo7cbf6.cloudfront.net/wp-content/uploads/sites/2/2018/10/Saltwater-Halal-Restaurants-Singapore-1024x731.png,https://maps.google.com/?cid=14068382028736777050,1030 AM - 11 PM
34,T2,Chee Kei,Cantonese,2-3 hours,https://d22ir9aoo7cbf6.cloudfront.net/wp-content/uploads/sites/2/2018/10/Saltwater-Halal-Restaurants-Singapore-1024x731.png,https://maps.google.com/?cid=17316089112531914369,Open 24 hours
35,T2,Chutney Mary,Indian,24 Hours,https://media-cdn.tripadvisor.com/media/photo-s/0f/46/17/68/outside-view.jpg,https://maps.google.com/?cid=9497790512344108438,Open 24 hours
36,T3,Coffee Boy,Cafe,2-3 hours,https://d22ir9aoo7cbf6.cloudfront.net/wp-content/uploads/sites/2/2018/10/Saltwater-Halal-Restaurants-Singapore-1024x731.png,http://www.changiairport.com/content/cag/en/maps.html#20/1.3569927/103.9872785/-67,1030 AM - 11 PM
37,T2,Coffee Toast Express,Cafe,2-3 hours,https://d22ir9aoo7cbf6.cloudfront.net/wp-content/uploads/sites/2/2018/10/Saltwater-Halal-Restaurants-Singapore-1024x731.png,http://www.changiairport.com/content/cag/en/maps.html#20/1.3545093/103.9883185/-67,Open 24 hours
38,Jewel,Coffee@works,Cafe,2-3 hours,https://d22ir9aoo7cbf6.cloudfront.net/wp-content/uploads/sites/2/2018/10/Saltwater-Halal-Restaurants-Singapore-1024x731.png,"https://www.google.com/maps/place/Coffee@Works/@1.3600458,103.9872712,17z/data=!3m1!5s0x31da3c8963249ae3:0xc47898720f015825!4m8!1m2!2m1!1sCoffee@works+Jewel+changi+airport!3m4!1s0x31da3db5297ea253:0x5d58a3bb8d9c53b3!8m2!3d1.3605442!4d103.9893766",10 AM - 11 PM
39,T3,Collin's,Western,2-3 hours,https://d22ir9aoo7cbf6.cloudfront.net/wp-content/uploads/sites/2/2018/10/Saltwater-Halal-Restaurants-Singapore-1024x731.png,https://maps.google.com/?cid=17676617325681868686,10 AM - 11 PM
40,T3,Colonial Club,Singaporean ,2-3 hours,https://d22ir9aoo7cbf6.cloudfront.net/wp-content/uploads/sites/2/2018/10/Saltwater-Halal-Restaurants-Singapore-1024x731.png,https://maps.google.com/?cid=14132769645676046187,1030 AM - 11 PM
41,Jewel,Commons,Cafe,2-3 hours,https://d22ir9aoo7cbf6.cloudfront.net/wp-content/uploads/sites/2/2018/10/Saltwater-Halal-Restaurants-Singapore-1024x731.png,"https://www.google.com/maps/place/Jewel+Changi+Airport/@1.3602201,103.9897834,17z/data=!3m2!4b1!5s0x31da3c8963249ae3:0xc4789872c75c8dc0!4m5!3m4!1s0x31da17be147e79c3:0xb809d0f172526ac3!8m2!3d1.3602201!4d103.9897834",10 AM - 10 PM
42,T2,Crave - The Original Adam Road Nasi Lemak By Selera Rasa,Singaporean ,2-3 hours,https://d22ir9aoo7cbf6.cloudfront.net/wp-content/uploads/sites/2/2018/10/Saltwater-Halal-Restaurants-Singapore-1024x731.png,https://maps.google.com/?cid=2472188877155302029,Open 24 hours
43,T3,Crave - The Original Adam Road Nasi Lemak By Selera Rasa,Singaporean ,2-3 hours,https://d22ir9aoo7cbf6.cloudfront.net/wp-content/uploads/sites/2/2018/10/Saltwater-Halal-Restaurants-Singapore-1024x731.png,http://www.changiairport.com/content/cag/en/maps.html#20/1.3569748/103.9873359/-67,1030 AM - 11 PM
44,T1,Crystal Jade La Mian Xiao Long Bao,Chinese,2-3 hours,https://d22ir9aoo7cbf6.cloudfront.net/wp-content/uploads/sites/2/2018/10/Saltwater-Halal-Restaurants-Singapore-1024x731.png,https://maps.google.com/?cid=15477761829375610460,6 AM - 12 AM
46,T3,Curry Times,Chinese,2-3 hours,https://d22ir9aoo7cbf6.cloudfront.net/wp-content/uploads/sites/2/2018/10/Saltwater-Halal-Restaurants-Singapore-1024x731.png,https://maps.google.com/?cid=853598165077994488,7 AM - 11 PM
47,T4,Curry Times,Chinese,2-3 hours,https://d22ir9aoo7cbf6.cloudfront.net/wp-content/uploads/sites/2/2018/10/Saltwater-Halal-Restaurants-Singapore-1024x731.png,"https://www.google.com/maps/place/Curry+Times+@+Changi+Airport+T4/@1.3384416,103.9551467,13z/data=!4m8!1m2!2m1!1sCurry+Times+T4+!3m4!1s0x31da3d324af8f785:0x4dbfc09535ece98!8m2!3d1.3384416!4d103.9836789",6 AM - 12 AM
48,Jewel,D'good Café,Cafe,2-3 hours,https://d22ir9aoo7cbf6.cloudfront.net/wp-content/uploads/sites/2/2018/10/Saltwater-Halal-Restaurants-Singapore-1024x731.png,"https://www.google.com/maps/place/d'Good+Caf%C3%A9/@1.3598596,103.9899992,17z/data=!3m2!4b1!5s0x31da3c8963249ae3:0xc4789872c75c8dc0!4m5!3m4!1s0x31da3d70b3408a11:0x2b60b82d96177302!8m2!3d1.3598596!4d103.9899992",9 AM - 11 PM
49,Jewel,Dal.komm Coffee,Cafe,2-3 hours,https://d22ir9aoo7cbf6.cloudfront.net/wp-content/uploads/sites/2/2018/10/Saltwater-Halal-Restaurants-Singapore-1024x731.png,"https://www.google.com/maps/place/dal.komm+COFFEE/@1.3599046,103.9876912,17z/data=!3m1!5s0x31da3c8963249ae3:0xc4789872824ef378!4m8!1m2!2m1!1sDal.komm+Coffee+Jewel+changi+airport!3m4!1s0x31da3c8961f20a7b:0x8ed1191f8aed345a!8m2!3d1.3599046!4d103.9898799",10 AM - 10 PM
50,Jewel,Dian Xiao Er,Chinese,2-3 hours,http://www.dianxiaoer.com.sg/wp-content/uploads/2017/08/Jurong-Point.jpg,"https://www.google.com/maps/place/Dian+Xiao+Er/@1.3599032,103.9872355,17z/data=!3m1!5s0x31da3c8963249ae3:0xc478987240ae1e46!4m8!1m2!2m1!1sDian+Xiao+Er+Jewel+changi+airport!3m4!1s0x31da3db52ceb2ecd:0x6b200e66d6e2a22f!8m2!3d1.3599032!4d103.9894242",10 AM - 10 PM
51,Jewel,Din Tai Fung,Taiwanese,2-3 hours,https://d22ir9aoo7cbf6.cloudfront.net/wp-content/uploads/sites/2/2018/10/Saltwater-Halal-Restaurants-Singapore-1024x731.png,"https://www.google.com/maps/place/Din+Tai+Fung+Changi+Airport+Jewel+Restaurant/@1.3601119,103.9890458,17z/data=!3m2!4b1!5s0x31da3c8963249ae3:0xc47898722a032b44!4m5!3m4!1s0x31da3db727278c03:0x8cbb12f7929842e4!8m2!3d1.3601119!4d103.9890458",10 AM - 10 PM
52,Jewel,Dunkin' Donuts,Cafe,2-3 hours,https://d22ir9aoo7cbf6.cloudfront.net/wp-content/uploads/sites/2/2018/10/Saltwater-Halal-Restaurants-Singapore-1024x731.png,"https://www.google.com/maps/place/Dunkin%E2%80%99+Donuts/@1.3603681,103.9874118,17z/data=!3m1!5s0x31da3c8963249ae3:0xc478987240ae1e46!4m8!1m2!2m1!1sDunkin'+Donuts+Jewel+changi+airport!3m4!1s0x31da3d6ae0042985:0xaa1880c0cfa0a242!8m2!3d1.3603681!4d103.9896005",7 AM - 12 AM
53,Jewel,Earle Swensen's,Cafe,2-3 hours,https://d22ir9aoo7cbf6.cloudfront.net/wp-content/uploads/sites/2/2018/10/Saltwater-Halal-Restaurants-Singapore-1024x731.png,"https://www.google.com/maps/place/Earle+Swensen%E2%80%99s/@1.3585456,103.9881467,17z/data=!3m1!5s0x31da3c8963249ae3:0xc47898722a032b44!4m8!1m2!2m1!1sEarle+Swensen's+Jewel+changi+airport!3m4!1s0x31da3dc537ba5d89:0xc49a1e2eb5b0cf53!8m2!3d1.3603751!4d103.9893043",10 AM - 10 PM
54,Jewel,Eggs 'n Things,Hawaiian ,2-3 hours,https://d22ir9aoo7cbf6.cloudfront.net/wp-content/uploads/sites/2/2018/10/Saltwater-Halal-Restaurants-Singapore-1024x731.png,"https://www.google.com/maps/place/Eggs+%E2%80%98n+Things/@1.3597843,103.987734,17z/data=!3m1!5s0x31da3c8963249ae3:0xc47898722a032b44!4m8!1m2!2m1!1sEggs+'n+Things+Jewel+changi+airport!3m4!1s0x31da3d60f363087f:0xf2528b36c1576f7d!8m2!3d1.3597843!4d103.9899227",10 AM - 10 PM
55,Jewel,El Fuego by Collin's,European ,2-3 hours,https://d22ir9aoo7cbf6.cloudfront.net/wp-content/uploads/sites/2/2018/10/Saltwater-Halal-Restaurants-Singapore-1024x731.png,"https://www.google.com/maps/place/Elfuego/@1.3581066,103.9880294,17z/data=!3m1!5s0x31da3c8963249ae3:0xc47898720f015825!4m8!1m2!2m1!1sEl+Fuego+by+Collin's+Jewel+changi+airport!3m4!1s0x31da3dde6d5ecc1f:0x11621115117edff7!8m2!3d1.3595963!4d103.9896995",10 AM - 10 PM
56,Jewel,Emack & Bolio's,Ice Cream,2-3 hours,https://d22ir9aoo7cbf6.cloudfront.net/wp-content/uploads/sites/2/2018/10/Saltwater-Halal-Restaurants-Singapore-1024x731.png,"https://www.google.com/maps/place/Emack+%26+Bolio%E2%80%99s/@1.3600431,103.9871754,17z/data=!3m1!5s0x31da3c8963249ae3:0xc478987240ae1e46!4m8!1m2!2m1!1sEmack+%26+Bolio's+Jewel+changi+airport!3m4!1s0x31da3d26e97910fd:0x4e933d4394858a71!8m2!3d1.3600431!4d103.9893641",10 AM - 12 AM
57,T3,Encik Tan,Halal,2-3 hours,https://d22ir9aoo7cbf6.cloudfront.net/wp-content/uploads/sites/2/2018/10/Saltwater-Halal-Restaurants-Singapore-1024x731.png,https://maps.google.com/?cid=1102622312988570006,Open 24 hours
58,Jewel,Fei Siong,Chinese,2-3 hours,https://www.capitaland.com/content/dam/capitaland-tenants/imported/en/-/media/cma-malls/websites/logos_560/f/fei%20siong_fei%20siong_c0ce496b-c25d-499f-8fb2-39390873e177_560x462.jpg.transform/cap-midres/image.jpg,"https://www.google.com/maps/place/Fei+Siong/@1.3602694,103.9896604,17z/data=!3m1!5s0x31da3c8963249ae3:0xc478987240ae1e46!4m8!1m2!2m1!1sFei+Siong+Jewel+changi+airport!3m4!1s0x31da3d67ad95cb23:0xde2a612763bff571!8m2!3d1.3603186!4d103.9895373",7 AM - 12 AM
59,T2,Fish & Co,Seafood,2-3 hours,https://d22ir9aoo7cbf6.cloudfront.net/wp-content/uploads/sites/2/2018/10/Saltwater-Halal-Restaurants-Singapore-1024x731.png,https://maps.google.com/?cid=9691559058461153602,1030 AM - 11 PM
60,Jewel,Five Spice,Singaporean ,2-3 hours,https://d22ir9aoo7cbf6.cloudfront.net/wp-content/uploads/sites/2/2018/10/Saltwater-Halal-Restaurants-Singapore-1024x731.png,"https://www.google.com/maps/place/Five+Spice/@1.3604633,103.9870332,17z/data=!3m1!5s0x31da3c8963249ae3:0xc478987240ae1e46!4m8!1m2!2m1!1sFive+Spice+Jewel+changi+airport!3m4!1s0x31da3d8a561f1cbd:0x3b4cd73201298d34!8m2!3d1.3604633!4d103.9892219",Open 24 hours
61,T4,Food Emporium,Singaporean ,2-3 hours,https://d22ir9aoo7cbf6.cloudfront.net/wp-content/uploads/sites/2/2018/10/Saltwater-Halal-Restaurants-Singapore-1024x731.png,"https://www.google.com/maps/place/Food+Emporium+@+Changi+Airport+Terminal+4/@1.3370564,103.9830375,17z/data=!3m1!4b1!4m5!3m4!1s0x31da3cc79bb9a6f5:0x5473c202941cb44a!8m2!3d1.3370564!4d103.9830375",5 AM - 11 PM
62,T1,Food Gallery Menu of Colors,Multiple Cuisines,2-3 hours,https://d22ir9aoo7cbf6.cloudfront.net/wp-content/uploads/sites/2/2018/10/Saltwater-Halal-Restaurants-Singapore-1024x731.png,http://www.changiairport.com/content/cag/en/maps.html#20/1.3621366/103.990777/-67,Open 24 hours
63,Jewel,Four Seasons Durian Restaurant,Hotpot,2-3 hours,https://d22ir9aoo7cbf6.cloudfront.net/wp-content/uploads/sites/2/2018/10/Saltwater-Halal-Restaurants-Singapore-1024x731.png,"https://www.google.com/maps/place/Four+Seasons+Durians/@1.3597299,103.9806659,15z/data=!3m1!5s0x31da3c8963249ae3:0xc478987240ae1e46!4m8!1m2!2m1!1sFour+Seasons+Durian+Restaurant+Jewel+changi+airport!3m4!1s0x31da3c8bdde7eb17:0x9f3a53dd3e8410a8!8m2!3d1.3597299!4d103.9894206",10 AM - 11 PM
64,Jewel,Fun Toast,Cafe,2-3 hours,https://d22ir9aoo7cbf6.cloudfront.net/wp-content/uploads/sites/2/2018/10/Saltwater-Halal-Restaurants-Singapore-1024x731.png,"https://www.google.com/maps/place/Fun+Toast/@1.3604819,103.9898191,17z/data=!3m1!5s0x31da3c8963249ae3:0xc478987258a3f6e7!4m8!1m2!2m1!1sFun+Toast+Restaurant+Jewel+changi+airport!3m4!1s0x31da3c897fe1fa4d:0x6c27ce68add496a7!8m2!3d1.3607436!4d103.9898548",7 30 AM - 10 PM
65,Jewel,Gochi-So Shukodo,Japanese,2-3 hours,https://d22ir9aoo7cbf6.cloudfront.net/wp-content/uploads/sites/2/2018/10/Saltwater-Halal-Restaurants-Singapore-1024x731.png,"https://www.google.com/maps/place/Gochi-So+Shokudo/@1.3598881,103.9898425,17z/data=!3m2!4b1!5s0x31da3c8963249ae3:0xc4789872824ef378!4m5!3m4!1s0x31da3d70cfc0cb77:0xb98c8dd878809795!8m2!3d1.3598881!4d103.9898425",10 AM - 10 PM
66,T3,Harry's Bar and Dining,Beer Bar,2-3 hours,https://d22ir9aoo7cbf6.cloudfront.net/wp-content/uploads/sites/2/2018/10/Saltwater-Halal-Restaurants-Singapore-1024x731.png,"https://www.google.com/maps/place/Harry's+Novena/@1.3192523,103.8441052,17z/data=!3m2!4b1!5s0x31da19e77dafec31:0xcc5efc5cc353b2d0!4m5!3m4!1s0x31da19e7833e3c9f:0x37b4bdb2c7142584!8m2!3d1.3192523!4d103.8441052",Open 24 hours
67,Jewel,Hawker,Multiple Cuisines,2-3 hours,https://d22ir9aoo7cbf6.cloudfront.net/wp-content/uploads/sites/2/2018/10/Saltwater-Halal-Restaurants-Singapore-1024x731.png,http://www.changiairport.com/content/cag/en/maps.html#20/1.3602721/103.9894714/-67,7 AM - 12 AM
68,T3,Heavenly Wang,Cafe,2-3 hours,https://d22ir9aoo7cbf6.cloudfront.net/wp-content/uploads/sites/2/2018/10/Saltwater-Halal-Restaurants-Singapore-1024x731.png,"https://www.google.com/maps/place/Heavenly+Wang+@+Changi+Airport+Terminal+3+Arrival+Hall/@1.3555805,103.9861962,17z/data=!3m1!4b1!4m5!3m4!1s0x31da3c8cfa0feeff:0xd672876bdaa1394b!8m2!3d1.3555805!4d103.9861962",Open 24 hours
69,T4,Heavenly Wang,Cafe,2-3 hours,https://d22ir9aoo7cbf6.cloudfront.net/wp-content/uploads/sites/2/2018/10/Saltwater-Halal-Restaurants-Singapore-1024x731.png,"https://www.google.com/maps/place/Heavenly+Wang/@1.3384244,103.9661714,14z/data=!4m8!1m2!2m1!1sHeavenly+Wang+T4+!3m4!1s0x31da3ceaa5476b87:0x3bfae1fbd3920520!8m2!3d1.3384244!4d103.9836809",Open 24 hours
70,Jewel,Heritage,Cafe,2-3 hours,https://d22ir9aoo7cbf6.cloudfront.net/wp-content/uploads/sites/2/2018/10/Saltwater-Halal-Restaurants-Singapore-1024x731.png,http://www.changiairport.com/en/dine/dining-directory/huiyi.html,10 AM - 12 AM
71,T3,Hokkaido Baked Cheese Tart,Bakery,2-3 hours,https://d22ir9aoo7cbf6.cloudfront.net/wp-content/uploads/sites/2/2018/10/Saltwater-Halal-Restaurants-Singapore-1024x731.png,"https://www.google.com/maps/place/Hokkaido+Baked+Cheese+Tart/@1.3555805,103.9861962,17z/data=!3m1!4b1!4m5!3m4!1s0x31da3d22f6fcd509:0x8ab5b639c5747868!8m2!3d1.3555805!4d103.9861962",1030 AM - 11 PM
72,T2,Hong Kong Sheng Kee Dessert,Cantonese,2-3 hours,https://d22ir9aoo7cbf6.cloudfront.net/wp-content/uploads/sites/2/2018/10/Saltwater-Halal-Restaurants-Singapore-1024x731.png,https://maps.google.com/?cid=18001726981945222911,6 AM - 1 AM
73,T1,Hops Bar,Beer Bar,2-3 hours,https://d22ir9aoo7cbf6.cloudfront.net/wp-content/uploads/sites/2/2018/10/Saltwater-Halal-Restaurants-Singapore-1024x731.png,http://www.changiairport.com/content/cag/en/maps.html#19.28/1.3631299/103.9893214/-67,Open 24 hours
74,Jewel,Hoshino Coffee,Cafe,2-3 hours,https://d22ir9aoo7cbf6.cloudfront.net/wp-content/uploads/sites/2/2018/10/Saltwater-Halal-Restaurants-Singapore-1024x731.png,"https://www.google.com/maps/place/Hoshino+Coffee/@1.3599984,103.9873002,17z/data=!3m1!5s0x31da3c8963249ae3:0xc4789872824ef378!4m8!1m2!2m1!1sHoshino+Coffee+Jewel+changi+airport!3m4!1s0x31da3c8bd95a672b:0x94c8a6c6ebce628!8m2!3d1.3599984!4d103.9894889",10 AM - 10 PM
75,Jewel,Hot Tomato,Western,2-3 hours,https://d22ir9aoo7cbf6.cloudfront.net/wp-content/uploads/sites/2/2018/10/Saltwater-Halal-Restaurants-Singapore-1024x731.png,"https://www.google.com/maps/place/Hot+Tomato/@1.3605539,103.9873652,17z/data=!3m1!5s0x31da3c8963249ae3:0xc478987258a3f6e7!4m8!1m2!2m1!1sHot+Tomato+Jewel+changi+airport!3m4!1s0x31da3d1fc5c1b07f:0x2308b356581e5658!8m2!3d1.3605539!4d103.9895539",10 AM - 10 PM
76,T3,Hudsons Coffee,Cafe,2-3 hours,https://d22ir9aoo7cbf6.cloudfront.net/wp-content/uploads/sites/2/2018/10/Saltwater-Halal-Restaurants-Singapore-1024x731.png,"https://www.google.com/maps/place/Hudsons+Coffee+Terminal+3+Changi/@1.3561766,103.9833658,17z/data=!4m8!1m2!2m1!1sHudsons+Coffee+T3+!3m4!1s0x31da3db321e5ddc7:0xffe7da060af6c280!8m2!3d1.3561766!4d103.9855545",Open 24 hours
77,T1,I Love Taimei,Cafe,2-3 hours,https://d22ir9aoo7cbf6.cloudfront.net/wp-content/uploads/sites/2/2018/10/Saltwater-Halal-Restaurants-Singapore-1024x731.png,https://maps.google.com/?cid=1190067100500786498,6 AM - 12 AM
78,Jewel,I Love Taimei,Cafe,2-3 hours,https://d22ir9aoo7cbf6.cloudfront.net/wp-content/uploads/sites/2/2018/10/Saltwater-Halal-Restaurants-Singapore-1024x731.png,"https://www.google.com/maps/place/I+Love+Taimei/@1.3598341,103.9892267,18.17z/data=!3m1!5s0x31da3c8963249ae3:0xc478987240ae1e46!4m5!3m4!1s0x31da3dbe79dab6c1:0x1083f7b9003a7d42!8m2!3d1.3602256!4d103.989453",10 AM - 12 AM
79,Jewel,Icenoie Hokkaido,Ice Cream,2-3 hours,https://d22ir9aoo7cbf6.cloudfront.net/wp-content/uploads/sites/2/2018/10/Saltwater-Halal-Restaurants-Singapore-1024x731.png,"https://www.google.com/maps/place/Icenoie+Hokkaido/@1.3604066,103.9893767,17z/data=!3m2!4b1!5s0x31da3c8963249ae3:0xc478987240ae1e46!4m5!3m4!1s0x31da3dfc12910435:0x62ea01e16d2ec035!8m2!3d1.3604066!4d103.9893767",7 AM - 12 AM
80,T4,International Food Hall,Multiple,2-3 hours,https://d22ir9aoo7cbf6.cloudfront.net/wp-content/uploads/sites/2/2018/10/Saltwater-Halal-Restaurants-Singapore-1024x731.png,"https://www.google.com/maps/place/INTERNATIONAL+FOOD+HALL/@1.338808,103.9815213,17z/data=!3m1!4b1!4m5!3m4!1s0x31da3cc75e905be7:0xdddc91a9bdbacfb!8m2!3d1.338808!4d103.98371",Open 24 hours
81,T1,Ippudo Express,Japanese,2-3 hours,https://d22ir9aoo7cbf6.cloudfront.net/wp-content/uploads/sites/2/2018/10/Saltwater-Halal-Restaurants-Singapore-1024x731.png,https://maps.google.com/?cid=5030821339130205377,6 AM -12 PM
82,T2,Ippudo Express,Japanese,2-3 hours,https://d22ir9aoo7cbf6.cloudfront.net/wp-content/uploads/sites/2/2018/10/Saltwater-Halal-Restaurants-Singapore-1024x731.png,https://maps.google.com/?cid=5030821339130205377,6 AM - 1 AM
83,Jewel,Itacho Sushi,Japanese,2-3 hours,https://d22ir9aoo7cbf6.cloudfront.net/wp-content/uploads/sites/2/2018/10/Saltwater-Halal-Restaurants-Singapore-1024x731.png,"https://www.google.com/maps/place/Itacho+Sushi/@1.3579003,103.9880775,17z/data=!3m1!5s0x31da3c8963249ae3:0xc478987240ae1e46!4m8!1m2!2m1!1sItacho+Sushi+Jewel+changi+airport!3m4!1s0x31da3c89624154bf:0x694d3378f4fa3a3b!8m2!3d1.3600401!4d103.9899589",10 AM - 11 PM
84,Jewel,Jack's Place,Singaporean ,2-3 hours,https://d22ir9aoo7cbf6.cloudfront.net/wp-content/uploads/sites/2/2018/10/Saltwater-Halal-Restaurants-Singapore-1024x731.png,"https://www.google.com/maps/place/Jack%E2%80%99s+Place/@1.3602752,103.9880183,17z/data=!3m1!5s0x31da3c8963249ae3:0xc478987258a3f6e7!4m8!1m2!2m1!1sJack's+Place+Jewel+changi+airport!3m4!1s0x31da3c897b574e8b:0x43257730ed72bc13!8m2!3d1.3602752!4d103.990207",10 AM - 10 PM
85,T1,Japan Gourmet Hall Sora,Japanese,2-3 hours,https://d22ir9aoo7cbf6.cloudfront.net/wp-content/uploads/sites/2/2018/10/Saltwater-Halal-Restaurants-Singapore-1024x731.png,https://maps.google.com/?cid=13646590640339918257,10 AM - 11 PM
86,T2,Japan Gourmet Hall Sora,Japanese,2-3 hours,https://d22ir9aoo7cbf6.cloudfront.net/wp-content/uploads/sites/2/2018/10/Saltwater-Halal-Restaurants-Singapore-1024x731.png,https://maps.google.com/?cid=2106775217620010865,10 AM - 11 PM
87,Jewel,Japanese Soba Noodles Tsuta,Japanese,2-3 hours,https://d22ir9aoo7cbf6.cloudfront.net/wp-content/uploads/sites/2/2018/10/Saltwater-Halal-Restaurants-Singapore-1024x731.png,"https://www.google.com/maps/place/Tsuta+Japanese+Soba+Noodles/@1.3063697,103.7621449,12z/data=!4m8!1m2!2m1!1sJapanese+Soba+Noodles+Tsuta+Jewel+changi+airport!3m4!1s0x31da198d6ec9ff33:0x5f2576ada639d0c3!8m2!3d1.3063697!4d103.8321827",10 AM - 10 PM
88,T1,Jewel Coffee,Cafe,2-3 hours,https://d22ir9aoo7cbf6.cloudfront.net/wp-content/uploads/sites/2/2018/10/Saltwater-Halal-Restaurants-Singapore-1024x731.png,http://www.changiairport.com/content/cag/en/maps.html#20/1.3611336/103.989406/-67,Open 24 hours
89,T2,Jinjja Chicken,Korean,2-3 hours,https://d22ir9aoo7cbf6.cloudfront.net/wp-content/uploads/sites/2/2018/10/Saltwater-Halal-Restaurants-Singapore-1024x731.png,https://maps.google.com/?cid=10136205376393726653,Open 24 hours
90,Jewel,Jinjja Chicken,Korean,2-3 hours,https://d22ir9aoo7cbf6.cloudfront.net/wp-content/uploads/sites/2/2018/10/Saltwater-Halal-Restaurants-Singapore-1024x731.png,"https://www.google.com/maps/place/JINJJA+Chicken/@1.3602544,103.987289,17z/data=!3m1!5s0x31da3c8963249ae3:0xc4789872824ef378!4m8!1m2!2m1!1sJinjja+Chicken+Tsuta+Jewel+changi+airport!3m4!1s0x31da3dd4069b4937:0x8cab0915fe5a4abd!8m2!3d1.3602544!4d103.9894777",10 AM - 10 PM
91,T3,Jollibean,Japanese,2-3 hours,https://d22ir9aoo7cbf6.cloudfront.net/wp-content/uploads/sites/2/2018/10/Saltwater-Halal-Restaurants-Singapore-1024x731.png,https://maps.google.com/?cid=14961499770793132688,7 AM - 11 PM
92,Jewel,Juewei,Chinese,2-3 hours,http://nowboarding.changiairport.com/content/canowboarding/en/discover-changi/24-hour-eateries-at-Jewel-Changi-Airport.img.png/x1562724123196.jpg.pagespeed.ic.dJHrp9tti9.webp,"https://www.google.com/maps/place/Jewel+Changi+Airport/@1.3602201,103.9897834,17z/data=!3m2!4b1!5s0x31da3c8963249ae3:0xc4789872c75c8dc0!4m5!3m4!1s0x31da17be147e79c3:0xb809d0f172526ac3!8m2!3d1.3602201!4d103.9897834",7 AM - 12 AM
93,Jewel,Jumbo Seafood,Singaporean ,2-3 hours,https://d22ir9aoo7cbf6.cloudfront.net/wp-content/uploads/sites/2/2018/10/Saltwater-Halal-Restaurants-Singapore-1024x731.png,"https://www.google.com/maps/place/Jumbo+Seafood+-+Jewel/@1.359622,103.9901692,17z/data=!3m2!4b1!5s0x31da3c8963249ae3:0xc47898722a032b44!4m5!3m4!1s0x31da3df544abfad7:0x48c5cfde35f96676!8m2!3d1.359622!4d103.9901692",10 AM - 10 PM
94,Jewel,JW360,Japanese,2-3 hours,https://d22ir9aoo7cbf6.cloudfront.net/wp-content/uploads/sites/2/2018/10/Saltwater-Halal-Restaurants-Singapore-1024x731.png,"https://www.google.com/maps/place/JW360%C2%B0/@1.359804,103.9875784,17z/data=!3m1!5s0x31da3c8963249ae3:0xc4789872c75c8dc0!4m8!1m2!2m1!1sJW360+Jewel+changi+airport!3m4!1s0x31da3d0496ee4129:0xd35fd8669925915d!8m2!3d1.359804!4d103.9897671",9 AM - 11 PM
95,T1,Kaffe & Toast,Cafe,2-3 hours,https://d22ir9aoo7cbf6.cloudfront.net/wp-content/uploads/sites/2/2018/10/Saltwater-Halal-Restaurants-Singapore-1024x731.png,http://www.changiairport.com/content/cag/en/maps.html#20/1.362093/103.9893189/-67,Open 24 hours
96,Jewel,Kam's Roast,Cantonese,2-3 hours,https://d22ir9aoo7cbf6.cloudfront.net/wp-content/uploads/sites/2/2018/10/Saltwater-Halal-Restaurants-Singapore-1024x731.png,"https://www.google.com/maps/place/Kam%E2%80%99s+Roast/@1.3596346,103.988026,17z/data=!3m1!5s0x31da3c8963249ae3:0xc47898720f015825!4m8!1m2!2m1!1sKam's+Roast+Jewel+changi+airport!3m4!1s0x31da3d39fe8a773b:0x2a40cdf2627d871b!8m2!3d1.3596346!4d103.9902147",10 AM - 10 PM
97,Jewel,Kane Mochi,Japanese,2-3 hours,https://d22ir9aoo7cbf6.cloudfront.net/wp-content/uploads/sites/2/2018/10/Saltwater-Halal-Restaurants-Singapore-1024x731.png,"https://www.google.com/maps/place/Kane+Mochi/@1.3603876,103.9872948,17z/data=!3m1!5s0x31da3c8963249ae3:0xc478987240ae1e46!4m8!1m2!2m1!1sKane+Mochi+Jewel+changi+airport!3m4!1s0x31da3da68cbfb2d5:0x2c1d49e36e52b8b2!8m2!3d1.3603876!4d103.9894835",7 AM - 12 AM
98,T2,Kaveri's Vegetarian Cuisine,Indian,06:00 AM-01:00 AM,https://media-cdn.tripadvisor.com/media/photo-s/08/5e/58/d7/photo0jpg.jpg,https://maps.google.com/?cid=2925715344885606908,6 AM - 1 AM
99,T2,Kedai Killiney Kopi,Cafe,2-3 hours,https://d22ir9aoo7cbf6.cloudfront.net/wp-content/uploads/sites/2/2018/10/Saltwater-Halal-Restaurants-Singapore-1024x731.png,http://www.changiairport.com/content/cag/en/maps.html#17.66/1.352732/103.990236/-67,Open 24 hours
100,T1,Killiney Kopitiam,Singaporean ,2-3 hours,https://d22ir9aoo7cbf6.cloudfront.net/wp-content/uploads/sites/2/2018/10/Saltwater-Halal-Restaurants-Singapore-1024x731.png,"https://www.google.com/maps/place/Killiney+Kopitiam+-+Terminal+1+Food+Gallery/@1.7238573,101.7438545,9.18z/data=!4m5!3m4!1s0x31da3c939de57e0f:0xfd461aa977736bd2!8m2!3d1.3618958!4d103.989967",Open 24 hours
101,Jewel,Kko Kko Nara,Korean,2-3 hours,https://d22ir9aoo7cbf6.cloudfront.net/wp-content/uploads/sites/2/2018/10/Saltwater-Halal-Restaurants-Singapore-1024x731.png,"https://www.google.com/maps/place/Kko+Kko+Nara/@1.3600069,103.9872003,17z/data=!3m1!5s0x31da3c8963249ae3:0xc47898720f015825!4m8!1m2!2m1!1sKko+Kko+Nara+Jewel+changi+airport!3m4!1s0x31da3d5e5c76b6ff:0x8ab9d73229ccbea2!8m2!3d1.3600069!4d103.989389",10 AM - 10 PM
102,T3,KOI Express,Tea,2-3 hours,https://d22ir9aoo7cbf6.cloudfront.net/wp-content/uploads/sites/2/2018/10/Saltwater-Halal-Restaurants-Singapore-1024x731.png,"https://www.google.com/maps/place/KOI+The+Changi+Terminal+3/@1.3555805,103.9861962,17z/data=!3m1!4b1!4m5!3m4!1s0x31da3c8d0c4c6ccd:0xbcbece516c523c1a!8m2!3d1.3555805!4d103.9861962",10 AM - 11 PM
103,T3,Kopitiam,Fast Food,2-3 hours,https://d22ir9aoo7cbf6.cloudfront.net/wp-content/uploads/sites/2/2018/10/Saltwater-Halal-Restaurants-Singapore-1024x731.png,"https://www.google.com/maps/place/Kopitiam+Terminal+3/@1.354371,103.9829813,17z/data=!4m8!1m2!2m1!1sKopitiam+T3+!3m4!1s0x31da3c8d5cba4991:0x41cc6f7daba7071!8m2!3d1.354371!4d103.98517",Open 24 hours
104,T2,Krispy Kreme,Desserts,2-3 hours,https://d22ir9aoo7cbf6.cloudfront.net/wp-content/uploads/sites/2/2018/10/Saltwater-Halal-Restaurants-Singapore-1024x731.png,http://www.changiairport.com/content/cag/en/maps.html#20/1.3563564/103.9888974/-67,Open 24 hours
105,T3,Krispy Kreme,Desserts,2-3 hours,https://d22ir9aoo7cbf6.cloudfront.net/wp-content/uploads/sites/2/2018/10/Saltwater-Halal-Restaurants-Singapore-1024x731.png,http://www.changiairport.com/content/cag/en/maps.html#20/1.3555784/103.9853478/-67,6 AM - 1 AM
106,Jewel,La Lola Churerria,Cafe,2-3 hours,https://d22ir9aoo7cbf6.cloudfront.net/wp-content/uploads/sites/2/2018/10/Saltwater-Halal-Restaurants-Singapore-1024x731.png,"https://www.google.com/maps/place/La+Lola+Churreria/@1.360342,103.9896679,17z/data=!3m2!4b1!5s0x31da3c8963249ae3:0xc478987240ae1e46!4m5!3m4!1s0x31da3c8bd7a43b67:0x4abf9d067d1209e3!8m2!3d1.360342!4d103.9896679",7 AM - 12 AM
107,Jewel ,Lady M,Desserts,2-3 hours,https://d22ir9aoo7cbf6.cloudfront.net/wp-content/uploads/sites/2/2018/10/Saltwater-Halal-Restaurants-Singapore-1024x731.png,"https://www.google.com/maps/place/Lady+M+Jewel+Changi+Airport/@1.3599293,103.9898504,17z/data=!3m1!4b1!4m5!3m4!1s0x31da3dbab7b2b23d:0x80de9bc2eab32320!8m2!3d1.3599293!4d103.9898504",10 AM - 10 PM
108,T3,Le Shrimp Ramen,Japanese,2-3 hours,https://d22ir9aoo7cbf6.cloudfront.net/wp-content/uploads/sites/2/2018/10/Saltwater-Halal-Restaurants-Singapore-1024x731.png,https://maps.google.com/?cid=15774440382889988495,1030 AM - 11 PM
109,Jewel,Lenu,Chinese,2-3 hours,http://www.changiairport.com/content/dam/cag/dine/1140x425/1140x425-lvl3_masthead_Lenu.jpg,"https://www.google.com/maps/place/LeNu+at+Jewel+Changi+Airport/@1.3596424,103.9894983,17z/data=!3m1!4b1!4m5!3m4!1s0x31da3d6609afae09:0x5876e5abbfd4b620!8m2!3d1.3596424!4d103.9894983",10 AM - 10 PM
110,T3,LeNu Chef Wai's Noodle Bar / Canton Paradise Noodle & Congee,Chinese,2-3 hours,http://www.changiairport.com/content/dam/cag/dine/1140x425/1140x425-lvl3_masthead_Lenu.jpg,http://www.changiairport.com/content/cag/en/maps.html#20/1.3558359/103.9854822/-67,6 AM - 1 AM
111,T3,LiHO,Tea,2-3 hours,https://d22ir9aoo7cbf6.cloudfront.net/wp-content/uploads/sites/2/2018/10/Saltwater-Halal-Restaurants-Singapore-1024x731.png,"https://www.google.com/maps/place/LiHO+TEA+@+T3+Airport/@1.3555805,103.9161584,12z/data=!4m8!1m2!2m1!1sLiHO+T3+!3m4!1s0x31da3d2ee22b604f:0x1038b62962e8b84e!8m2!3d1.3555805!4d103.9861962",10 AM - 11 PM
112,T4,LiHO,Tea,2-3 hours,https://d22ir9aoo7cbf6.cloudfront.net/wp-content/uploads/sites/2/2018/10/Saltwater-Halal-Restaurants-Singapore-1024x731.png,"https://www.google.com/maps/place/LiHO+TEA+@+T4+Airport/@1.3374519,103.9825524,17z/data=!3m1!4b1!4m5!3m4!1s0x31da3df45fe801dd:0xef140218fe9211e5!8m2!3d1.3374519!4d103.9825524",7 AM - 11 PM
113,T2,Llaollao,Desserts,2-3 hours,https://d22ir9aoo7cbf6.cloudfront.net/wp-content/uploads/sites/2/2018/10/Saltwater-Halal-Restaurants-Singapore-1024x731.png,"https://www.google.com/maps/place/llaollao./@1.3552684,103.9872719,17z/data=!3m1!4b1!4m5!3m4!1s0x31da3d3031e0417b:0x562b89c413412229!8m2!3d1.3552684!4d103.9894606",Open 24 hours
114,T4,London Fat Duck,Chinese,2-3 hours,https://d22ir9aoo7cbf6.cloudfront.net/wp-content/uploads/sites/2/2018/10/Saltwater-Halal-Restaurants-Singapore-1024x731.png,"https://www.google.com/maps/place/London+Fat+Duck/@1.3372498,103.9826117,17z/data=!3m1!4b1!4m5!3m4!1s0x31da3cc757db1ad7:0x2d87730173c668d0!8m2!3d1.3372498!4d103.9826117",1030 AM - 11 PM
115,T4,Ma Mum,Halal,2-3 hours,https://d22ir9aoo7cbf6.cloudfront.net/wp-content/uploads/sites/2/2018/10/Saltwater-Halal-Restaurants-Singapore-1024x731.png,"https://www.google.com/maps/place/Ma+Mum/@1.337763,103.9830748,17z/data=!3m1!4b1!4m5!3m4!1s0x31da3cc7d013542d:0xfb5b6de0fac9f2d5!8m2!3d1.337763!4d103.9830748",7 AM - 11 PM
116,T1,Ma Mum to go,Halal,2-3 hours,https://d22ir9aoo7cbf6.cloudfront.net/wp-content/uploads/sites/2/2018/10/Saltwater-Halal-Restaurants-Singapore-1024x731.png,https://maps.google.com/?cid=8994948923213007397,Open 24 hours
117,Jewel,Maison De Pb,Bakery,2-3 hours,https://d22ir9aoo7cbf6.cloudfront.net/wp-content/uploads/sites/2/2018/10/Saltwater-Halal-Restaurants-Singapore-1024x731.png,"https://www.google.com/maps/place/Maison+de+PB/@1.3606599,103.9902603,17z/data=!3m2!4b1!5s0x31da3c8963249ae3:0xc47898720f015825!4m5!3m4!1s0x31da3d5b1c0263c7:0x3e14c3878ae4f71c!8m2!3d1.3606599!4d103.9902603",10 AM - 10 PM
118,Jewel,Mala Mala,Fast Food,2-3 hours,https://d22ir9aoo7cbf6.cloudfront.net/wp-content/uploads/sites/2/2018/10/Saltwater-Halal-Restaurants-Singapore-1024x731.png,"https://www.google.com/maps/place/Mala+Mala/@1.360292,103.9873768,17z/data=!3m1!5s0x31da3c8963249ae3:0xc478987240ae1e46!4m8!1m2!2m1!1sMala+Mala+Jewel+changi+airport!3m4!1s0x31da3df588022e55:0x92eb24ceff2179b3!8m2!3d1.360292!4d103.9895655",7 AM - 12 AM
119,T2,McDonald's,Fast Food,2-3 hours,https://d22ir9aoo7cbf6.cloudfront.net/wp-content/uploads/sites/2/2018/10/Saltwater-Halal-Restaurants-Singapore-1024x731.png,https://maps.google.com/?cid=5106749820079275355,Open 24 hours
120,T3,McDonald's,Fast Food,2-3 hours,https://d22ir9aoo7cbf6.cloudfront.net/wp-content/uploads/sites/2/2018/10/Saltwater-Halal-Restaurants-Singapore-1024x731.png,https://maps.google.com/?cid=6627439354840764711,Open 24 hours
121,T4,McDonald's,Fast Food,2-3 hours,https://d22ir9aoo7cbf6.cloudfront.net/wp-content/uploads/sites/2/2018/10/Saltwater-Halal-Restaurants-Singapore-1024x731.png,"https://www.google.com/maps/place/McDonald's+Terminal+4/@1.3375447,103.9825501,17z/data=!3m1!4b1!4m5!3m4!1s0x31da3cc79d0641fb:0x74f0c646daa1fbd6!8m2!3d1.3375447!4d103.9825501",Open 24 hours
122,Jewel,Mos Café,Cafe,2-3 hours,https://d22ir9aoo7cbf6.cloudfront.net/wp-content/uploads/sites/2/2018/10/Saltwater-Halal-Restaurants-Singapore-1024x731.png,"https://www.google.com/maps/place/MOS/@1.360292,103.9873768,17z/data=!3m1!5s0x31da3c8963249ae3:0xc478987240ae1e46!4m8!1m2!2m1!1sMos+Caf%C3%A9+Jewel+changi+airport!3m4!1s0x31da3d9bcf840d93:0xb1043904dd64ccf2!8m2!3d1.35999!4d103.9898554",7 AM - 12 AM
123,Jewel ,Mr. Bean,Desserts,2-3 hours,https://d22ir9aoo7cbf6.cloudfront.net/wp-content/uploads/sites/2/2018/10/Saltwater-Halal-Restaurants-Singapore-1024x731.png,"https://www.google.com/maps/place/Mr+Bean/@1.3603402,103.989629,17z/data=!3m2!4b1!5s0x31da3c8963249ae3:0xc478987240ae1e46!4m5!3m4!1s0x31da3c8c3ae9cda3:0x5259733c3199cbde!8m2!3d1.3603402!4d103.989629",7 AM - 12 AM
124,T3,Mr. Teh Tarik Express,Tea,2-3 hours,https://d22ir9aoo7cbf6.cloudfront.net/wp-content/uploads/sites/2/2018/10/Saltwater-Halal-Restaurants-Singapore-1024x731.png,http://www.changiairport.com/content/cag/en/maps.html#20/1.3571095/103.9871099/-67,Open 24 hours
125,Jewel,Mr.Coconut,Refreshments,2-3 hours,https://d22ir9aoo7cbf6.cloudfront.net/wp-content/uploads/sites/2/2018/10/Saltwater-Halal-Restaurants-Singapore-1024x731.png,"https://www.google.com/maps/place/Mr.+Coconut/@1.3603555,103.9873236,17z/data=!3m1!5s0x31da3c8963249ae3:0xc478987240ae1e46!4m8!1m2!2m1!1sMr.Coconut+Jewel+changi+airport!3m4!1s0x31da3c8bd73ac5d7:0xabe2b82fc273bde4!8m2!3d1.3603555!4d103.9895123",7 AM - 12 AM
126,T2,Nando's,Fast Food,2-3 hours,https://d22ir9aoo7cbf6.cloudfront.net/wp-content/uploads/sites/2/2018/10/Saltwater-Halal-Restaurants-Singapore-1024x731.png,https://maps.google.com/?cid=18057685648564273108,1030 AM - 11 PM
127,Jewel,Nectar,Café/ Bakery,2-3 hours,https://d22ir9aoo7cbf6.cloudfront.net/wp-content/uploads/sites/2/2018/10/Saltwater-Halal-Restaurants-Singapore-1024x731.png,"https://www.google.com/maps/place/Nectar/@1.3600278,103.9869226,17z/data=!3m1!5s0x31da3c8963249ae3:0xc47898722a032b44!4m8!1m2!2m1!1sNectar+Jewel+changi+airport!3m4!1s0x31da3c8bdb358e61:0xff53bdf141d8c6fe!8m2!3d1.3600278!4d103.9891113",10 AM - 10 PM
128,T1,Niigata Bento,Japanese,2-3 hours,https://d22ir9aoo7cbf6.cloudfront.net/wp-content/uploads/sites/2/2018/10/Saltwater-Halal-Restaurants-Singapore-1024x731.png,https://maps.google.com/?cid=2236203612079109685,Open 24 hours
129,Jewel,Nine Fresh,Desserts,2-3 hours,https://d22ir9aoo7cbf6.cloudfront.net/wp-content/uploads/sites/2/2018/10/Saltwater-Halal-Restaurants-Singapore-1024x731.png,"https://www.google.com/maps/place/Nine+Fresh/@1.3603913,103.987219,17z/data=!3m1!5s0x31da3c8963249ae3:0xc478987240ae1e46!4m8!1m2!2m1!1sNine+Fresh+Jewel+changi+airport!3m4!1s0x31da3c8bd127eec1:0x85c8a0184f4f0042!8m2!3d1.3603913!4d103.9894077",7 AM - 12 AM
130,T3,O'Coffee Club,Coffee,2-3 hours,https://d22ir9aoo7cbf6.cloudfront.net/wp-content/uploads/sites/2/2018/10/Saltwater-Halal-Restaurants-Singapore-1024x731.png,"https://www.google.com/maps/place/O'Coffee+Club/@1.3552374,103.9865177,17z/data=!3m1!4b1!4m5!3m4!1s0x31da3c8daa165f05:0xc93598f4e8be71f0!8m2!3d1.3552374!4d103.9865177",Open 24 hours
131,Jewel,O'Coffee Club Roastery,Coffee,2-3 hours,https://d22ir9aoo7cbf6.cloudfront.net/wp-content/uploads/sites/2/2018/10/Saltwater-Halal-Restaurants-Singapore-1024x731.png,"https://www.google.com/maps/place/O’Coffee+Club+Roastery/@1.3605071,103.9891278,17z/data=!3m1!4b1!4m5!3m4!1s0x31da3d3a6c02783d:0x150793409961d419!8m2!3d1.3605071!4d103.9891278",10 AM - 10 PM
132,T2,O'Coffee Club Xpress,Coffee,2-3 hours,https://d22ir9aoo7cbf6.cloudfront.net/wp-content/uploads/sites/2/2018/10/Saltwater-Halal-Restaurants-Singapore-1024x731.png,"https://www.google.com/maps/place/O'Coffee+Club+Express/@1.3552684,103.9872719,17z/data=!4m8!1m2!2m1!1sO'Coffee+Club+Xpress+t2!3m4!1s0x0:0x2cb3033859d0754c!8m2!3d1.3545349!4d103.9883839",Open 24 hours
133,T4,O'Coffee Club Xpress,Coffee,2-3 hours,https://d22ir9aoo7cbf6.cloudfront.net/wp-content/uploads/sites/2/2018/10/Saltwater-Halal-Restaurants-Singapore-1024x731.png,"https://www.google.com/maps/place/O%E2%80%99Coffee+Club+Xpress/@1.3375447,103.9825501,17z/data=!3m1!4b1!4m5!3m4!1s0x31da3cc70acbf62b:0xfc53b1102ab46b6f!8m2!3d1.3375447!4d103.9825501",Open 24 hours
134,Jewel,O'Coffee Club Xpress,Coffee,2-3 hours,https://d22ir9aoo7cbf6.cloudfront.net/wp-content/uploads/sites/2/2018/10/Saltwater-Halal-Restaurants-Singapore-1024x731.png,"https://www.google.com/maps/place/O%E2%80%99Coffee+Club+Xpress/@1.3375447,103.9737954,15z/data=!4m8!1m2!2m1!1sO'Coffee+Club+Xpress+Jewel+changi+airport!3m4!1s0x31da3cc70acbf62b:0xfc53b1102ab46b6f!8m2!3d1.3375447!4d103.9825501",7 AM - 12 AM
135,T1,O' Leary's Sports Restaurant,Beer Bar,2-3 hours,https://d22ir9aoo7cbf6.cloudfront.net/wp-content/uploads/sites/2/2018/10/Saltwater-Halal-Restaurants-Singapore-1024x731.png,http://www.changiairport.com/content/cag/en/maps.html#20/1.3622392/103.991315/-67,Open 24 hours
136,T2,O' Leary's Sports Bar & Grill,Beer Bar,2-3 hours,https://d22ir9aoo7cbf6.cloudfront.net/wp-content/uploads/sites/2/2018/10/Saltwater-Halal-Restaurants-Singapore-1024x731.png,http://www.changiairport.com/content/cag/en/maps.html#20/1.3547192/103.9895757/-67,Open 24 hours
137,Jewel,O'tah,Singaporean ,2-3 hours,https://d22ir9aoo7cbf6.cloudfront.net/wp-content/uploads/sites/2/2018/10/Saltwater-Halal-Restaurants-Singapore-1024x731.png,"https://www.google.com/maps/place/O%E2%80%99TAH/@1.3604686,103.9872305,17z/data=!3m1!5s0x31da3c8963249ae3:0xc478987240ae1e46!4m8!1m2!2m1!1sO'tah+Jewel+changi+airport!3m4!1s0x31da3c8bd149cfb5:0x53dd9a0540aed560!8m2!3d1.3604686!4d103.9894192",7 AM - 12 AM
138,T3,Old Chang Kee,Fast Food,2-3 hours,https://d22ir9aoo7cbf6.cloudfront.net/wp-content/uploads/sites/2/2018/10/Saltwater-Halal-Restaurants-Singapore-1024x731.png,"https://www.google.com/maps/place/Old+Chang+Kee/@1.3548485,103.983681,15.38z/data=!3m1!5s0x31da3c8963249ae3:0xc478987240ae1e46!4m8!1m2!2m1!1sold+chang+kee+near+T3+Departure!3m4!1s0x0:0xd8da0438623dd460!8m2!3d1.3602484!4d103.9893106",7 AM - 11 PM
139,T2,Old Chang Kee,Fast Food,2-3 hours,https://d22ir9aoo7cbf6.cloudfront.net/wp-content/uploads/sites/2/2018/10/Saltwater-Halal-Restaurants-Singapore-1024x731.png,https://maps.google.com/?cid=1594540411073828475,6 AM - 1 AM
140,Jewel,Old Chang Kee,Fast Food,2-3 hours,https://d22ir9aoo7cbf6.cloudfront.net/wp-content/uploads/sites/2/2018/10/Saltwater-Halal-Restaurants-Singapore-1024x731.png,"https://www.google.com/maps/place/Old+Chang+Kee/@1.3604686,103.9872305,17z/data=!3m1!5s0x31da3c8963249ae3:0xc478987240ae1e46!4m8!1m2!2m1!1sOld+Chang+Kee+Jewel+changi+airport!3m4!1s0x31da3c8bd0827aef:0xd8da0438623dd460!8m2!3d1.3602487!4d103.9893109",7 AM - 12 AM
141,T4,Old Street Bak Kut The,Fast Food,2-3 hours,https://d22ir9aoo7cbf6.cloudfront.net/wp-content/uploads/sites/2/2018/10/Saltwater-Halal-Restaurants-Singapore-1024x731.png,"https://www.google.com/maps/place/Old+Street+Bak+Kut+Teh/@1.3373034,103.982482,17z/data=!3m1!4b1!4m5!3m4!1s0x31da3cc7a1cabcff:0xd57c495af284eff9!8m2!3d1.3373034!4d103.982482",7 AM - 11 PM
142,T3,Old Town White Coffee,Coffee,2-3 hours,https://d22ir9aoo7cbf6.cloudfront.net/wp-content/uploads/sites/2/2018/10/Saltwater-Halal-Restaurants-Singapore-1024x731.png,"https://www.google.com/maps/place/Old+Town+White+Coffee/@1.3576108,103.9876087,17z/data=!3m1!4b1!4m5!3m4!1s0x31da3c8d43524bb1:0x9d5913054b12aaa8!8m2!3d1.3576108!4d103.9876087",Open 24 hours
143,T2,Orchid Café & Bar,Café/Beer Bar,2-3 hours,https://d22ir9aoo7cbf6.cloudfront.net/wp-content/uploads/sites/2/2018/10/Saltwater-Halal-Restaurants-Singapore-1024x731.png,"https://www.google.com/maps/place/ORCHID+Cafe+%26+Bar/@1.3538638,103.9869566,17z/data=!3m1!4b1!4m5!3m4!1s0x31da3d011f39a33d:0x517627be7edb50c5!8m2!3d1.3538638!4d103.9891453",Open 24 hours
144,T1,PappaMia,Multiple Cuisines,2-3 hours,https://d22ir9aoo7cbf6.cloudfront.net/wp-content/uploads/sites/2/2018/10/Saltwater-Halal-Restaurants-Singapore-1024x731.png,https://maps.google.com/?cid=11073754379668051077,7 AM - 11 PM
145,Jewel,Paris Classic,Chinese,2-3 hours,https://thezonghan.com/wp-content/uploads/2019/04/DSCF1336_editied_featured.jpg,http://www.changiairport.com/en/dine/dining-directory.html#/filter?tab=all,10 AM - 10 PM
146,T3,Paris Dynasty,Chinese,2-3 hours,http://365days2play.com/photos/2019/04/Jewel-Changi-Airport-Cafes-14.jpg,"https://www.google.com/maps/place/Paradise+Dynasty+at+Changi+Airport+T3/@1.356041,103.9847913,17z/data=!4m8!1m2!2m1!1sParisDynasy+-+T3!3m4!1s0x0:0x4da5226e8e0e567b!8m2!3d1.3560412!4d103.9869797",7 AM - 11 PM
147,T2,Paris Baguette,Chinese,2-3 hours,http://365days2play.com/photos/2019/04/Jewel-Changi-Airport-Cafes-14.jpg,"https://www.google.com/maps/place/Paris+Baguette+-+T2+Arrival/@1.354567,103.9863527,17z/data=!3m1!4b1!4m5!3m4!1s0x31da3c931bd09a4b:0xf8d83d8e666ff5c2!8m2!3d1.354567!4d103.9885414",Open 24 hours
148,T3,Paris Baguette,Chinese,2-3 hours,http://365days2play.com/photos/2019/04/Jewel-Changi-Airport-Cafes-14.jpg,http://www.changiairport.com/en/dine/dining-directory/paris-baguette.html,Open 24 hours
149,T4,Paris Baguette,Chinese,2-3 hours,http://365days2play.com/photos/2019/04/Jewel-Changi-Airport-Cafes-14.jpg,"https://www.google.com/maps/place/Paris+Baguette+-+T4+Arrival/@1.3372954,103.9829081,17z/data=!3m1!4b1!4m5!3m4!1s0x31da3cc75d80b951:0x947f248e7ad8b3a0!8m2!3d1.3372954!4d103.9829081",Open 24 hours
150,Jewel,Paris Baguette Signature,Chinese,2-3 hours,http://365days2play.com/photos/2019/04/Jewel-Changi-Airport-Cafes-14.jpg,"https://www.google.com/maps/place/Paris+Baguette/@1.3603223,103.9814276,15z/data=!3m1!5s0x31da3c8963249ae3:0xc4789872c75c8dc0!4m8!1m2!2m1!1sParis+Baguette+!3m4!1s0x31da3dc83105aa93:0xdeb2b56e29498c18!8m2!3d1.3603223!4d103.9901823",Open 24 hours
151,T1,Paul,Bakery,2-3 hours,https://d22ir9aoo7cbf6.cloudfront.net/wp-content/uploads/sites/2/2018/10/Saltwater-Halal-Restaurants-Singapore-1024x731.png,"https://www.google.com/maps/place/PAUL/@1.3628853,103.9869707,17z/data=!3m1!4b1!4m5!3m4!1s0x31da3c8ce4e4a58b:0xd64c3aa757273417!8m2!3d1.3628853!4d103.9891594",Open 24 hours
152,Jewel,Pazzion Café,Cafe,2-3 hours,https://d22ir9aoo7cbf6.cloudfront.net/wp-content/uploads/sites/2/2018/10/Saltwater-Halal-Restaurants-Singapore-1024x731.png,"https://www.google.com/maps/place/PAZZION+Caf%C3%A9/@1.3603967,103.9897084,17z/data=!3m2!4b1!5s0x31da3c8963249ae3:0xc4789872824ef378!4m5!3m4!1s0x31da3c8bd7b27971:0xb56020e17d567d04!8m2!3d1.3603967!4d103.9897084",10 AM - 10 PM
153,T2,Peach Garden Chinese Dining,Chinese,2-3 hours,https://d22ir9aoo7cbf6.cloudfront.net/wp-content/uploads/sites/2/2018/10/Saltwater-Halal-Restaurants-Singapore-1024x731.png,https://maps.google.com/?cid=13354473904308172498,1030 AM - 11 PM
154,T2,Penang Culture,Malay,2-3 hours,https://d22ir9aoo7cbf6.cloudfront.net/wp-content/uploads/sites/2/2018/10/Saltwater-Halal-Restaurants-Singapore-1024x731.png,https://maps.google.com/?cid=3811980734245930515,1030 AM - 11 PM
155,T2,Pezzo,Italian/Pizzas,2-3 hours,https://d22ir9aoo7cbf6.cloudfront.net/wp-content/uploads/sites/2/2018/10/Saltwater-Halal-Restaurants-Singapore-1024x731.png,https://maps.google.com/?cid=4084580906891195557,Open 24 hours
156,T2,Pho Street,Vietnamese,2-3 hours,https://d22ir9aoo7cbf6.cloudfront.net/wp-content/uploads/sites/2/2018/10/Saltwater-Halal-Restaurants-Singapore-1024x731.png,"https://www.google.com/maps/place/Pho+Street/@1.3546462,103.9870793,17z/data=!3m1!4b1!4m5!3m4!1s0x31da3c8de5cd78a7:0x22403459db57aa3b!8m2!3d1.3546462!4d103.989268",Open 24 hours
157,Jewel,Pink Fish,Seafood,2-3 hours,https://d22ir9aoo7cbf6.cloudfront.net/wp-content/uploads/sites/2/2018/10/Saltwater-Halal-Restaurants-Singapore-1024x731.png,"https://www.google.com/maps/place/Pink+Fish/@1.3599423,103.9895309,17z/data=!3m2!4b1!5s0x31da3c8963249ae3:0xc4789872824ef378!4m5!3m4!1s0x31da3dfe80948079:0xbcef20037f6cd66e!8m2!3d1.3599423!4d103.9895309",10 AM - 10 PM
158,Jewel,PizzaExpress,Italian/Pizzas,2-3 hours,https://d22ir9aoo7cbf6.cloudfront.net/wp-content/uploads/sites/2/2018/10/Saltwater-Halal-Restaurants-Singapore-1024x731.png,"https://www.google.com/maps/place/PizzaExpress/@1.3565323,103.9860361,16.09z/data=!3m1!5s0x31da3c8963249ae3:0xc47898722a032b44!4m8!1m2!2m1!1sPizzaExpress!3m4!1s0x0:0x7d3528b44ac33e5b!8m2!3d1.3599641!4d103.9902346",10 AM - 10 PM
159,Jewel,PizzaMaru,Italian/Pizzas,2-3 hours,https://d22ir9aoo7cbf6.cloudfront.net/wp-content/uploads/sites/2/2018/10/Saltwater-Halal-Restaurants-Singapore-1024x731.png,"https://www.google.com/maps/place/Pizzamaru/@1.3603682,103.9877737,17z/data=!3m1!5s0x31da3c8963249ae3:0xc478987258a3f6e7!4m8!1m2!2m1!1sPizzaMaru+jewel+Changi+Airport!3m4!1s0x0:0x8836f48ba8188eda!8m2!3d1.3605165!4d103.9901414",10 AM - 10 PM
160,Jewel,Potato Corner,Fast Food,2-3 hours,https://d22ir9aoo7cbf6.cloudfront.net/wp-content/uploads/sites/2/2018/10/Saltwater-Halal-Restaurants-Singapore-1024x731.png,"https://www.google.com/maps/place/Potato+Corner/@1.3602609,103.9895525,17z/data=!3m2!4b1!5s0x31da3c8963249ae3:0xc478987240ae1e46!4m5!3m4!1s0x31da3c8bd760a665:0xee5bc136cf54e334!8m2!3d1.3602609!4d103.9895525",7 AM - 12 AM
161,Jewel ,Pow Sing,Singaporean ,2-3 hours,https://d22ir9aoo7cbf6.cloudfront.net/wp-content/uploads/sites/2/2018/10/Saltwater-Halal-Restaurants-Singapore-1024x731.png,"https://www.google.com/maps/place/Pow+Sing+Restaurant+(Jewel+Changi+Airport)/@1.3624381,103.8635753,17z/data=!4m8!1m2!2m1!1sPow+Sing+jewel+changi!3m4!1s0x31da17bbeabe83f7:0xd3d2433b4badda56!8m2!3d1.3624381!4d103.865764",7 AM - 12 AM
162,T3,Pret A Manager,Cafe,2-3 hours,https://d22ir9aoo7cbf6.cloudfront.net/wp-content/uploads/sites/2/2018/10/Saltwater-Halal-Restaurants-Singapore-1024x731.png,"https://www.google.com/maps/place/Pret+A+Manger+(Terminal+3)/@1.3573202,103.9862622,17z/data=!3m1!4b1!4m5!3m4!1s0x31da3c8ce404a83f:0xc5083d9388648462!8m2!3d1.3573202!4d103.9862622",6 AM - 1 AM
163,Jewel,Prive,Multiple Cuisines,2-3 hours,https://d22ir9aoo7cbf6.cloudfront.net/wp-content/uploads/sites/2/2018/10/Saltwater-Halal-Restaurants-Singapore-1024x731.png,"https://www.google.com/maps/place/Priv%C3%A9/@1.3605866,103.9897338,17z/data=!3m2!4b1!5s0x31da3c8963249ae3:0xc4789872f4d1d33a!4m5!3m4!1s0x31da17cc4efba717:0x2e14a99706a3bdeb!8m2!3d1.3605866!4d103.9897338",10 AM - 12 AM
164,Jewel,Project Pizza,Italian/Pizzas,2-3 hours,https://d22ir9aoo7cbf6.cloudfront.net/wp-content/uploads/sites/2/2018/10/Saltwater-Halal-Restaurants-Singapore-1024x731.png,"https://www.google.com/maps/place/Project+Pizza/@1.3623388,103.9904613,17z/data=!4m8!1m2!2m1!1sProject+Pizza+Sing+jewel+changi!3m4!1s0x31da3d5387afcc8f:0x7c9935f554669794!8m2!3d1.3644202!4d103.9915308",7 AM - 12 AM
165,Jewel,Putien,Singaporean ,2-3 hours,https://d22ir9aoo7cbf6.cloudfront.net/wp-content/uploads/sites/2/2018/10/Saltwater-Halal-Restaurants-Singapore-1024x731.png,"https://www.google.com/maps/place/Putian/@1.3598295,103.987814,17z/data=!3m1!5s0x31da3c8963249ae3:0xc47898720f015825!4m8!1m2!2m1!1sPutienProject+Pizza+Sing+jewel+changi!3m4!1s0x31da3d2ab9c67a31:0x5a4eef9500dc04a3!8m2!3d1.3598295!4d103.9900027",10 AM - 10 PM
166,T3,Ramen Champion & Hokkaido Paradise,Japanese,2-3 hours,https://d22ir9aoo7cbf6.cloudfront.net/wp-content/uploads/sites/2/2018/10/Saltwater-Halal-Restaurants-Singapore-1024x731.png,https://maps.google.com/?cid=6336560480812511911,1030 AM - 11 PM
167,Jewel,Rumours Bar & Grill,Beer Bar,2-3 hours,https://d22ir9aoo7cbf6.cloudfront.net/wp-content/uploads/sites/2/2018/10/Saltwater-Halal-Restaurants-Singapore-1024x731.png,"https://www.google.com/maps/place/Rumours+Bar+%26+Grill/@1.3608595,103.9896683,17z/data=!3m2!4b1!5s0x31da3c8963249ae3:0xc4789872f4d1d33a!4m5!3m4!1s0x31da3dfee89278b7:0xc0a456fd42742993!8m2!3d1.3608595!4d103.9896683",9 AM - 3 AM
168,T2,Rustichelli & Mangione,Italian/Pizzas,2-3 hours,https://d22ir9aoo7cbf6.cloudfront.net/wp-content/uploads/sites/2/2018/10/Saltwater-Halal-Restaurants-Singapore-1024x731.png,http://www.changiairport.com/content/cag/en/maps.html#20/1.3554113/103.9899471/-67,6 AM -1 AM
169,T3,Saap Saap Thai,Thai ,2-3 hours,https://d22ir9aoo7cbf6.cloudfront.net/wp-content/uploads/sites/2/2018/10/Saltwater-Halal-Restaurants-Singapore-1024x731.png,"https://www.google.com/maps/place/Saap+Saap+Thai/@1.3570016,103.9653778,14z/data=!3m1!5s0x31da3c8963249ae3:0xc4789872824ef378!4m8!1m2!2m1!1sSaap+Saap+Thai+T3!3m4!1s0x31da3d6986a3cf09:0x9ab0d21719f3beca!8m2!3d1.3599818!4d103.9899633",10 AM - 1 AM
170,Jewel,Saap Saap Thai,Thai ,2-3 hours,https://d22ir9aoo7cbf6.cloudfront.net/wp-content/uploads/sites/2/2018/10/Saltwater-Halal-Restaurants-Singapore-1024x731.png,"https://www.google.com/maps/place/Saap+Saap+Thai/@1.3599818,103.9899633,17z/data=!3m2!4b1!5s0x31da3c8963249ae3:0xc4789872824ef378!4m5!3m4!1s0x31da3d6986a3cf09:0x9ab0d21719f3beca!8m2!3d1.3599818!4d103.9899633",10 AM - 10 PM
171,T3,Saap Saap Thai Desserts,Desserts,2-3 hours,https://d22ir9aoo7cbf6.cloudfront.net/wp-content/uploads/sites/2/2018/10/Saltwater-Halal-Restaurants-Singapore-1024x731.png,"https://www.google.com/maps/place/Saap+Saap+Thai/@1.3570016,103.9653778,14z/data=!3m1!5s0x31da3c8963249ae3:0xc4789872824ef378!4m8!1m2!2m1!1sSaap+Saap+Thai+T3!3m4!1s0x31da3d6986a3cf09:0x9ab0d21719f3beca!8m2!3d1.3599818!4d103.9899633",10 AM - 1 AM
172,Jewel,Sama Sama by Tok Tok,Indonesian,2-3 hours,https://d22ir9aoo7cbf6.cloudfront.net/wp-content/uploads/sites/2/2018/10/Saltwater-Halal-Restaurants-Singapore-1024x731.png,"https://www.google.com/maps/place/Sama+Sama+by+Tok+Tok/@1.3602658,103.9896011,17z/data=!3m2!4b1!5s0x31da3c8963249ae3:0xc47898722a032b44!4m5!3m4!1s0x31da3d5fd2ded7ab:0x9797cb5f98e60e62!8m2!3d1.3602658!4d103.9896011",10 AM - 10 PM
173,Jewel,Samsui ,Chinese,2-3 hours,https://thegardennom.files.wordpress.com/2014/08/img_9872.jpg,"https://www.google.com/maps/place/Samsui/@1.3597751,103.9883063,17z/data=!3m1!5s0x31da3c8963249ae3:0xc47898722a032b44!4m8!1m2!2m1!1sSamsui++jewel+changi!3m4!1s0x31da3d5add9344d7:0xab14796228f06c83!8m2!3d1.3597751!4d103.990495",10 AM - 10 PM
174,Jewel,Sankranti,Indian,2-3 hours,https://d22ir9aoo7cbf6.cloudfront.net/wp-content/uploads/sites/2/2018/10/Saltwater-Halal-Restaurants-Singapore-1024x731.png,"https://www.google.com/maps/place/Sankranti+@+Jewel+Changi/@1.3602408,103.9898566,17z/data=!3m2!4b1!5s0x31da3c8963249ae3:0xc478987240ae1e46!4m5!3m4!1s0x31da3dc2f88c598d:0x443fcbf9d754fa78!8m2!3d1.3602408!4d103.9898566",10 AM - 10 PM
175,Jewel,"Sankranti, Changi Express",Indian,2-3 hours,https://d22ir9aoo7cbf6.cloudfront.net/wp-content/uploads/sites/2/2018/10/Saltwater-Halal-Restaurants-Singapore-1024x731.png,"https://www.google.com/maps/place/Sankranti+@+Jewel+Changi/@1.3602408,103.9898566,17z/data=!3m2!4b1!5s0x31da3c8963249ae3:0xc478987240ae1e46!4m5!3m4!1s0x31da3dc2f88c598d:0x443fcbf9d754fa78!8m2!3d1.3602408!4d103.9898566",7 AM - 12 AM
176,Jewel,Shake Shack,Fast Food,2-3 hours,https://d22ir9aoo7cbf6.cloudfront.net/wp-content/uploads/sites/2/2018/10/Saltwater-Halal-Restaurants-Singapore-1024x731.png,"https://www.google.com/maps/place/Shake+Shack/@1.3604452,103.9878435,17z/data=!3m1!5s0x31da3c8963249ae3:0xc47898720f015825!4m8!1m2!2m1!1sShake+Shack++jewel+changi!3m4!1s0x31da3d0bb917469d:0xadcd758857d6811b!8m2!3d1.3604452!4d103.9900322",10 AM - 10 PM
177,Jewel,Shang Social,Chinese,2-3 hours,https://alainlicious.files.wordpress.com/2019/05/img_9821.jpg?w=1905,"https://www.google.com/maps/place/Shang+Social/@1.3599962,103.9894474,17z/data=!3m2!4b1!5s0x31da3c8963249ae3:0xc4789872c75c8dc0!4m5!3m4!1s0x31da3dcbcaa172b7:0x143dea0a299501bc!8m2!3d1.3599962!4d103.9894474",9 AM - 11 PM
178,Jewel,Shiki Hototogitsu Ramen,Japanese,2-3 hours,https://d22ir9aoo7cbf6.cloudfront.net/wp-content/uploads/sites/2/2018/10/Saltwater-Halal-Restaurants-Singapore-1024x731.png,"https://www.google.com/maps/place/Shiki+Hototogisu+Ramen/@1.3599962,103.9894474,17z/data=!3m1!5s0x31da3c8963249ae3:0xc4789872824ef378!4m5!3m4!1s0x31da3d85e22be0e5:0xa008d63bd7fa8f62!8m2!3d1.3600344!4d103.9899804",10 AM - 10 PM
179,Jewel,Signature Koi,Cafe,2-3 hours,https://d22ir9aoo7cbf6.cloudfront.net/wp-content/uploads/sites/2/2018/10/Saltwater-Halal-Restaurants-Singapore-1024x731.png,"https://www.google.com/maps/place/KOI+Signature/@1.3600344,103.9899804,17z/data=!3m1!5s0x31da3c8963249ae3:0xc4789872c75c8dc0!4m5!3m4!1s0x31da3d7cdf98bc95:0x4c4debe47e5e2ca0!8m2!3d1.3601374!4d103.9903629",Open 24 hours
180,T1,Simple Eats,Thai ,2-3 hours,https://d22ir9aoo7cbf6.cloudfront.net/wp-content/uploads/sites/2/2018/10/Saltwater-Halal-Restaurants-Singapore-1024x731.png,https://maps.google.com/?cid=1516507568782601623,6 AM - 12 AM
181,T3,Singapore Food Street,Singaporean ,2-3 hours,https://d22ir9aoo7cbf6.cloudfront.net/wp-content/uploads/sites/2/2018/10/Saltwater-Halal-Restaurants-Singapore-1024x731.png,"https://www.google.com/maps/place/Singapore+Food+Street/@1.3573165,103.9864513,17z/data=!3m1!4b1!4m5!3m4!1s0x31da3c8cf3369f61:0x6415c0a08631a39a!8m2!3d1.3573165!4d103.9864513",Open 24 hours
182,T3,So Pho,Vietnamese,2-3 hours,https://d22ir9aoo7cbf6.cloudfront.net/wp-content/uploads/sites/2/2018/10/Saltwater-Halal-Restaurants-Singapore-1024x731.png,"https://www.google.com/maps/place/So+Pho/@1.360203,103.9894568,17z/data=!3m2!4b1!5s0x31da3c8963249ae3:0xc4789872824ef378!4m5!3m4!1s0x31da3d0debb1a083:0xd2a05affb5f5e995!8m2!3d1.360203!4d103.9894568",1030 AM - 11 PM
183,Jewel,So Pho,Vietnamese,2-3 hours,https://d22ir9aoo7cbf6.cloudfront.net/wp-content/uploads/sites/2/2018/10/Saltwater-Halal-Restaurants-Singapore-1024x731.png,"https://www.google.com/maps/place/So+Pho/@1.360203,103.9894568,17z/data=!3m2!4b1!5s0x31da3c8963249ae3:0xc4789872824ef378!4m5!3m4!1s0x31da3d0debb1a083:0xd2a05affb5f5e995!8m2!3d1.360203!4d103.9894568",10 AM - 10 PM
184,Jewel,Song Fa Buk Kut The,Singaporean ,2-3 hours,https://d22ir9aoo7cbf6.cloudfront.net/wp-content/uploads/sites/2/2018/10/Saltwater-Halal-Restaurants-Singapore-1024x731.png,"https://www.google.com/maps/place/Song+Fa+Bak+Kut+Teh/@1.3604161,103.9809656,15z/data=!3m1!5s0x31da3c8963249ae3:0xc478987240ae1e46!4m8!1m2!2m1!1sSong+Fa+Buk+Kut+The++jewel+changi!3m4!1s0x31da3d8630336207:0x32ecf8d5ee0e8cef!8m2!3d1.3604161!4d103.9897203",1030 AM - 11 PM
185,T2,Soup Heritage Restaurant,Chinese,2-3 hours,https://d22ir9aoo7cbf6.cloudfront.net/wp-content/uploads/sites/2/2018/10/Saltwater-Halal-Restaurants-Singapore-1024x731.png,https://maps.google.com/?cid=14917276435202274316,1030 AM - 11 PM
186,T1,Starbucks,Cafe,2-3 hours,https://d22ir9aoo7cbf6.cloudfront.net/wp-content/uploads/sites/2/2018/10/Saltwater-Halal-Restaurants-Singapore-1024x731.png,"https://www.google.com/maps/place/Starbucks/@1.3602641,103.9881434,17z/data=!3m2!4b1!5s0x31da3c8963249ae3:0xc4789872c75c8dc0!4m5!3m4!1s0x31da3dc1dc02fc81:0x3d525a61ad806cc2!8m2!3d1.3602641!4d103.9903321",Open 24 hours
187,T2,Starbucks,Cafe,2-3 hours,https://d22ir9aoo7cbf6.cloudfront.net/wp-content/uploads/sites/2/2018/10/Saltwater-Halal-Restaurants-Singapore-1024x731.png,"https://www.google.com/maps/place/Starbucks/@1.3644202,103.982776,15z/data=!3m1!5s0x31da3c8963249ae3:0xc4789872c75c8dc0!4m8!1m2!2m1!1sStarbucks+t2!3m4!1s0x31da3c89a8840279:0x65bb4c8cf1d8dd61!8m2!3d1.3602641!4d103.9903318",Open 24 hours
188,T3,Starbucks,Cafe,2-3 hours,https://d22ir9aoo7cbf6.cloudfront.net/wp-content/uploads/sites/2/2018/10/Saltwater-Halal-Restaurants-Singapore-1024x731.png,"https://www.google.com/maps/place/Starbucks/@1.3555805,103.9861962,17z/data=!3m1!4b1!4m5!3m4!1s0x31da3c89f459de57:0x5fa1c2d282223b77!8m2!3d1.3555805!4d103.9861962",Open 24 hours
189,T4,Starbucks,Cafe,2-3 hours,https://d22ir9aoo7cbf6.cloudfront.net/wp-content/uploads/sites/2/2018/10/Saltwater-Halal-Restaurants-Singapore-1024x731.png,"https://www.google.com/maps/place/Starbucks/@1.3385211,103.9836394,17z/data=!3m1!4b1!4m5!3m4!1s0x31da3c9499cf21b1:0xcb6b1d4f66b87a66!8m2!3d1.3385211!4d103.9836394",Open 24 hours
190,T2,Straits Food Village,Multiple Cuisines,2-3 hours,https://d22ir9aoo7cbf6.cloudfront.net/wp-content/uploads/sites/2/2018/10/Saltwater-Halal-Restaurants-Singapore-1024x731.png,"https://www.google.com/maps/place/Straits+Food+Village/@1.3550383,103.9868131,17z/data=!3m1!4b1!4m5!3m4!1s0x31da3c8e7606b7a5:0xf3b9430caaa0209c!8m2!3d1.3550383!4d103.9890018",Open 24 hours
191,T2,Stuff'd,Mexican/Turkish,2-3 hours,https://d22ir9aoo7cbf6.cloudfront.net/wp-content/uploads/sites/2/2018/10/Saltwater-Halal-Restaurants-Singapore-1024x731.png,https://maps.google.com/?cid=9618668604211648026,Open 24 hours
192,T3,Stuff'd,Mexican/Turkish,2-3 hours,https://d22ir9aoo7cbf6.cloudfront.net/wp-content/uploads/sites/2/2018/10/Saltwater-Halal-Restaurants-Singapore-1024x731.png,"https://www.google.com/maps/place/Stuff'd/@1.3578973,103.9809176,15z/data=!4m8!1m2!2m1!1sStuff'd+T3!3m4!1s0x0:0x708732a20544a355!8m2!3d1.3559929!4d103.9862743",1030 AM - 11 PM
193,Jewel,Stuff'd,Mexican/Turkish,2-3 hours,https://d22ir9aoo7cbf6.cloudfront.net/wp-content/uploads/sites/2/2018/10/Saltwater-Halal-Restaurants-Singapore-1024x731.png,"https://www.google.com/maps/place/STUFF'D/@1.3601864,103.9807584,15z/data=!3m1!5s0x31da3c8963249ae3:0xc478987240ae1e46!4m8!1m2!2m1!1sStuff'd+++jewel+changi!3m4!1s0x31da3c8bd9edcf6f:0xb29b0c767b423609!8m2!3d1.3601864!4d103.9895131",7 AM - 12 AM
194,Jewel,Suage Hokkaido Soup Curry,Japanese,2-3 hours,https://d22ir9aoo7cbf6.cloudfront.net/wp-content/uploads/sites/2/2018/10/Saltwater-Halal-Restaurants-Singapore-1024x731.png,"https://www.google.com/maps/place/Suage+Hokkaido+Soup+Curry/@1.3598943,103.9903898,17z/data=!3m2!4b1!5s0x31da3c8963249ae3:0xc47898722a032b44!4m5!3m4!1s0x31da3c896663f88d:0xaced816845a8d021!8m2!3d1.3598943!4d103.9903898",10 AM - 10 PM
195,Jewel,Subway,Fast Food,2-3 hours,https://d22ir9aoo7cbf6.cloudfront.net/wp-content/uploads/sites/2/2018/10/Saltwater-Halal-Restaurants-Singapore-1024x731.png,"https://www.google.com/maps/place/Subway/@1.3598079,103.9875091,17z/data=!3m1!5s0x31da3c8963249ae3:0xc478987240ae1e46!4m8!1m2!2m1!1sSubway+jewel+changi!3m4!1s0x31da3c8a1d5b365b:0x4d75059b9004bdb4!8m2!3d1.3598079!4d103.9896978",10 AM - 12 AM
196,T2,Subway,Fast Food,2-3 hours,https://d22ir9aoo7cbf6.cloudfront.net/wp-content/uploads/sites/2/2018/10/Saltwater-Halal-Restaurants-Singapore-1024x731.png,https://maps.google.com/?cid=5581373478889897396,Open 24 hours
197,T4,Sushi Goshin,Chinese,2-3 hours,https://d22ir9aoo7cbf6.cloudfront.net/wp-content/uploads/sites/2/2018/10/Saltwater-Halal-Restaurants-Singapore-1024x731.png,"https://www.google.com/maps/place/Sushi+Goshin/@1.3370909,103.9829048,17z/data=!3m1!4b1!4m5!3m4!1s0x31da3cc7995dc143:0x7a91c350c54f589a!8m2!3d1.3370909!4d103.9829048",1030 AM - 11 PM
198,Jewel,Sushi Tei,Japanese,2-3 hours,https://d22ir9aoo7cbf6.cloudfront.net/wp-content/uploads/sites/2/2018/10/Saltwater-Halal-Restaurants-Singapore-1024x731.png,"https://www.google.com/maps/place/Sushi+Tei/@1.3597605,103.9893616,17z/data=!3m2!4b1!5s0x31da3c8963249ae3:0xc47898722a032b44!4m5!3m4!1s0x31da3c8bddb8f751:0x29bfe64fb0e9bcd!8m2!3d1.3597605!4d103.9893616",10 AM - 10 PM
199,Jewel,Swatow Kitchen,Seafood,2-3 hours,https://d22ir9aoo7cbf6.cloudfront.net/wp-content/uploads/sites/2/2018/10/Saltwater-Halal-Restaurants-Singapore-1024x731.png,"https://www.google.com/maps/place/Swatow/@1.3601999,103.9872962,17z/data=!3m1!5s0x31da3c8963249ae3:0xc478987240ae1e46!4m8!1m2!2m1!1sSwatow+Kitchen+jewel+changi!3m4!1s0x31da3c8bd9f133e9:0xea6e9b351381af43!8m2!3d1.3601999!4d103.9894849",7 AM - 12 AM
200,T2,Swensen's,Fast Food/Desserts,2-3 hours,https://d22ir9aoo7cbf6.cloudfront.net/wp-content/uploads/sites/2/2018/10/Saltwater-Halal-Restaurants-Singapore-1024x731.png,https://maps.google.com/?cid=5289177682772996914,Open 24 hours
201,T3,Tai Cheong Bakery,Café/Bakery,2-3 hours,https://d22ir9aoo7cbf6.cloudfront.net/wp-content/uploads/sites/2/2018/10/Saltwater-Halal-Restaurants-Singapore-1024x731.png,http://www.changiairport.com/content/cag/en/maps.html#20/1.3575488/103.9874933/-67,7 AM - 11 PM
202,Jewel,Tanuki Raw and the World is Flat,Japanese,2-3 hours,https://d22ir9aoo7cbf6.cloudfront.net/wp-content/uploads/sites/2/2018/10/Saltwater-Halal-Restaurants-Singapore-1024x731.png,"https://www.google.com/maps/place/The+World+Is+Flat+at+T1+Changi+Airport/@1.3601999,103.9872962,17z/data=!4m8!1m2!2m1!1sTanuki+Raw+and+the+World+is+Flat+jewel+changi!3m4!1s0x31da3c89f635b84f:0xda2d305b3b365f15!8m2!3d1.3624261!4d103.989906",10 AM - 12 AM
203,T3,Tanuki Raw Express,Japanese,2-3 hours,https://d22ir9aoo7cbf6.cloudfront.net/wp-content/uploads/sites/2/2018/10/Saltwater-Halal-Restaurants-Singapore-1024x731.png,"https://www.google.com/maps/place/Tanuki+Raw+Express/@1.355528,103.9854468,17z/data=!3m1!4b1!4m5!3m4!1s0x31da3d03cb624db1:0x2d01a3a34da9ae24!8m2!3d1.355528!4d103.9854468",6 AM - 1 AM
204,Jewel,Tapas Club,Spanish,2-3 hours,https://d22ir9aoo7cbf6.cloudfront.net/wp-content/uploads/sites/2/2018/10/Saltwater-Halal-Restaurants-Singapore-1024x731.png,"https://www.google.com/maps/place/Tapas+Club/@1.3601999,103.9872962,17z/data=!3m1!5s0x31da3c8963249ae3:0xc47898722a032b44!4m5!3m4!1s0x31da3df7313500f1:0x1c2985d8f9e6f8f0!8m2!3d1.3601073!4d103.9893079",10 AM - 10 PM
205,T1,Teahouse by Soup Restaurant,Tea,2-3 hours,https://d22ir9aoo7cbf6.cloudfront.net/wp-content/uploads/sites/2/2018/10/Saltwater-Halal-Restaurants-Singapore-1024x731.png,https://maps.google.com/?cid=3138324077623279383,8 AM - 11 PM
206,T3,Terminal M - Multi Concept Food Hall,Multiple Cuisines,2-3 hours,https://d22ir9aoo7cbf6.cloudfront.net/wp-content/uploads/sites/2/2018/10/Saltwater-Halal-Restaurants-Singapore-1024x731.png,http://www.changiairport.com/content/cag/en/maps.html#20/1.3565781/103.9873917/-67,1030 AM - 11 PM
207,T4,Texas Chicken,Fast Food,2-3 hours,https://d22ir9aoo7cbf6.cloudfront.net/wp-content/uploads/sites/2/2018/10/Saltwater-Halal-Restaurants-Singapore-1024x731.png,"https://www.google.com/maps/place/Texas+Chicken+(Changi+Terminal+4)/@1.338303,103.9660226,14z/data=!4m8!1m2!2m1!1sTexas+Chicken+T4+!3m4!1s0x31da3cc043c1c557:0xde589b744a45a5a1!8m2!3d1.338303!4d103.9835321",Open 24 hours
208,T2,TGM,Multiple Cuisines,2-3 hours,https://d22ir9aoo7cbf6.cloudfront.net/wp-content/uploads/sites/2/2018/10/Saltwater-Halal-Restaurants-Singapore-1024x731.png,https://maps.google.com/?cid=337430822911332878,6 AM - 1 AM
209,Jewel,Thaiexpress Signature,Thai,2-3 hours,https://d22ir9aoo7cbf6.cloudfront.net/wp-content/uploads/sites/2/2018/10/Saltwater-Halal-Restaurants-Singapore-1024x731.png,"https://www.google.com/maps/place/ThaiExpress/@1.3598858,103.9894527,17z/data=!3m2!4b1!5s0x31da3c8963249ae3:0xc47898722a032b44!4m5!3m4!1s0x31da3c8bdea08363:0xff9709efc48cf5e0!8m2!3d1.3598858!4d103.9894527",10 AM - 10 PM
210,Jewel,The Alley,Tea,2-3 hours,https://d22ir9aoo7cbf6.cloudfront.net/wp-content/uploads/sites/2/2018/10/Saltwater-Halal-Restaurants-Singapore-1024x731.png,"https://www.google.com/maps/place/The+Alley/@1.3602647,103.9897374,17z/data=!3m1!5s0x31da3c8963249ae3:0xc478987240ae1e46!4m8!1m2!2m1!1sThe+Alley+jewel+changi!3m4!1s0x31da3dc326c0cdcf:0x10e316df02843b62!8m2!3d1.3603093!4d103.9896915",7 AM - 12 AM
211,T1,The Coffee Bean & Tea Leaf,Cafe,2-3 hours,https://d22ir9aoo7cbf6.cloudfront.net/wp-content/uploads/sites/2/2018/10/Saltwater-Halal-Restaurants-Singapore-1024x731.png,"https://www.google.com/maps/place/The+Coffee+Bean+and+Tea+Leaf%C2%AE+-+Terminal+1+Transit/@1.361813,103.9880834,17z/data=!3m1!4b1!4m5!3m4!1s0x31da3c89f459de57:0x5cb8bca6e622503f!8m2!3d1.361813!4d103.9902721",Open 24 hours
212,T2,The Coffee Bean & Tea Leaf,Cafe,2-3 hours,https://d22ir9aoo7cbf6.cloudfront.net/wp-content/uploads/sites/2/2018/10/Saltwater-Halal-Restaurants-Singapore-1024x731.png,"https://www.google.com/maps/place/The+Coffee+Bean+and+Tea+Leaf%C2%AE+-+Terminal+2+Transfer+F/@1.3550383,103.9868131,17z/data=!4m8!1m2!2m1!1sThe+Coffee+Bean+%26+Tea+Leaf+t2!3m4!1s0x31da3c8dd4cd2751:0x8c47b3fb234be737!8m2!3d1.3552684!4d103.9894606",Open 24 hours
213,T3,The Coffee Bean & Tea Leaf,Cafe,2-3 hours,https://d22ir9aoo7cbf6.cloudfront.net/wp-content/uploads/sites/2/2018/10/Saltwater-Halal-Restaurants-Singapore-1024x731.png,"https://www.google.com/maps/place/The+Coffee+Bean+and+Tea+Leaf%C2%AE+-+Terminal+3+Transit+Lounge+South/@1.3555805,103.9774415,15z/data=!4m8!1m2!2m1!1sThe+Coffee+Bean+%26+Tea+LeafMulti+Concept+Food+Hall+T3+!3m4!1s0x31da3c8c35a53b8b:0xe322a89abef2acef!8m2!3d1.3555805!4d103.9861962",Open 24 hours
214,T4,The Coffee Bean & Tea Leaf,Cafe,2-3 hours,https://d22ir9aoo7cbf6.cloudfront.net/wp-content/uploads/sites/2/2018/10/Saltwater-Halal-Restaurants-Singapore-1024x731.png,"https://www.google.com/maps/place/The+Coffee+Bean+%26+Tea+Leaf/@1.3386086,103.9747569,15z/data=!4m8!1m2!2m1!1sThe+Coffee+Bean+%26+Tea+Leaf+T4+!3m4!1s0x31da3c9200dd4605:0x1800f7d7470adc29!8m2!3d1.3386086!4d103.9835116",Open 24 hours
215,T3,The Kitchen by Wolfgang Puck,Multiple Cuisines,2-3 hours,https://d22ir9aoo7cbf6.cloudfront.net/wp-content/uploads/sites/2/2018/10/Saltwater-Halal-Restaurants-Singapore-1024x731.png,"https://www.google.com/maps/place/The+Kitchen+By+Wolfgang+Puck/@1.3571486,103.9862461,17z/data=!3m1!4b1!4m5!3m4!1s0x31da3c8cf26fc173:0x69ac94ddf425674e!8m2!3d1.3571486!4d103.9862461",6 AM - 1 AM
216,T4,Tiger Den,Beer Bar,2-3 hours,https://d22ir9aoo7cbf6.cloudfront.net/wp-content/uploads/sites/2/2018/10/Saltwater-Halal-Restaurants-Singapore-1024x731.png,http://www.changiairport.com/en/dine/dining-directory/tiger-den.html,Open 24 hours
217,Jewel,Tiger Street Lab,Beer Bar,2-3 hours,https://d22ir9aoo7cbf6.cloudfront.net/wp-content/uploads/sites/2/2018/10/Saltwater-Halal-Restaurants-Singapore-1024x731.png,"https://www.google.com/maps/place/Tiger+Street+Lab/@1.3607067,103.9896841,17z/data=!3m2!4b1!5s0x31da3c8963249ae3:0xc4789872f4d1d33a!4m5!3m4!1s0x31da3d4ba3f919a7:0xb30362102ed50ca4!8m2!3d1.3607067!4d103.9896841",10 AM - 12 AM
218,Jewel,Tim Ho Wan,Chinese,2-3 hours,https://sethlui.com/wp-content/uploads/2019/04/tim-ho-wan-jewel-changi-airport-1.jpg,"https://www.google.com/maps/place/Tim+Ho+Wan/@1.3601591,103.9890508,17z/data=!3m2!4b1!5s0x31da3c8963249ae3:0xc47898720f015825!4m5!3m4!1s0x31da3c8bc539fb35:0xc3663a96820460a8!8m2!3d1.3601591!4d103.9890508",10 AM - 10 PM
219,T1,Tip Top,Singaporean ,2-3 hours,https://d22ir9aoo7cbf6.cloudfront.net/wp-content/uploads/sites/2/2018/10/Saltwater-Halal-Restaurants-Singapore-1024x731.png,https://maps.google.com/?cid=4079132864450104408,Open 24 hours
220,T3,Tip Top,Singaporean ,2-3 hours,https://d22ir9aoo7cbf6.cloudfront.net/wp-content/uploads/sites/2/2018/10/Saltwater-Halal-Restaurants-Singapore-1024x731.png,"https://www.google.com/maps/place/Tip+Top+Curry+Puffs/@1.356716,103.98651,17z/data=!3m1!4b1!4m5!3m4!1s0x31da3d2e7387a0fd:0xe1523e52bd99b857!8m2!3d1.356716!4d103.98651",Open 24 hours
221,Jewel,Toast Box,Coffee,2-3 hours,https://d22ir9aoo7cbf6.cloudfront.net/wp-content/uploads/sites/2/2018/10/Saltwater-Halal-Restaurants-Singapore-1024x731.png,"https://www.google.com/maps/place/Toast+Box/@1.3599528,103.9873524,17z/data=!3m1!5s0x31da3c8963249ae3:0xc478987240ae1e46!4m8!1m2!2m1!1sToast+Box+jewel+changi!3m4!1s0x31da3d98faaca837:0x5bec9343a9d0093b!8m2!3d1.3599528!4d103.9895411",4 AM - 2 AM
222,Jewel,Tokyo Milk Cheese Factory & Cow Cow Kitchen,Japanese,2-3 hours,https://d22ir9aoo7cbf6.cloudfront.net/wp-content/uploads/sites/2/2018/10/Saltwater-Halal-Restaurants-Singapore-1024x731.png,"https://www.google.com/maps/place/Tokyo+Milk+Cheese+Factory/@1.3602465,103.9874087,17z/data=!3m1!5s0x31da3c8963249ae3:0xc478987240ae1e46!4m8!1m2!2m1!1sTokyo+Milk+Cheese+Factory+%26+Cow+Cow+Kitchen+jewel+changi!3m4!1s0x31da3d6126a71839:0x4b3e4fa5a77b0ef!8m2!3d1.3602465!4d103.9895974",7 AM - 12 AM
223,Jewel,Tonito,Peruvian,2-3 hours,https://d22ir9aoo7cbf6.cloudfront.net/wp-content/uploads/sites/2/2018/10/Saltwater-Halal-Restaurants-Singapore-1024x731.png,"https://www.google.com/maps/place/TONITO/@1.3597805,103.987676,17z/data=!3m1!5s0x31da3c8963249ae3:0xc47898720f015825!4m8!1m2!2m1!1sTonito+jewel+changi!3m4!1s0x31da3dd237de6d53:0x592bfa16ec8efd72!8m2!3d1.3597805!4d103.9898647",10 AM - 10 PM
224,Jewel,Tonkatsu by Ma Maison,Japanese/French,2-3 hours,https://d22ir9aoo7cbf6.cloudfront.net/wp-content/uploads/sites/2/2018/10/Saltwater-Halal-Restaurants-Singapore-1024x731.png,"https://www.google.com/maps/place/MA+MAISON/@1.3596118,103.9879463,17z/data=!3m1!5s0x31da3c8963249ae3:0xc47898720f015825!4m8!1m2!2m1!1sTonkatsu+by+Ma+Maison+jewel+changi!3m4!1s0x31da3c895e1049fd:0xd729cff6c57f1c52!8m2!3d1.3596118!4d103.990135",10 AM - 10 PM
225,T2,Tp Tea,Tea,2-3 hours,https://d22ir9aoo7cbf6.cloudfront.net/wp-content/uploads/sites/2/2018/10/Saltwater-Halal-Restaurants-Singapore-1024x731.png,"https://www.google.com/maps/place/TP+Tea+Changi+Airport+Terminal+2/@1.3563291,103.9868858,17z/data=!3m1!4b1!4m5!3m4!1s0x31da3d90060d3edd:0x76f673e1983e350b!8m2!3d1.3563231!4d103.9890745",Open 24 hours
226,T4,Treasures Yi Dian Xin by Imperial Treasure,Chinese,2-3 hours,https://d22ir9aoo7cbf6.cloudfront.net/wp-content/uploads/sites/2/2018/10/Saltwater-Halal-Restaurants-Singapore-1024x731.png,"https://www.google.com/maps/place/Treasures+by+Imperial+Treasure+Yi+Dian+Xin/@1.3372954,103.9653986,14z/data=!4m8!1m2!2m1!1sTreasures+Yi+Dian+Xin+by+Imperial+Treasure+T4+!3m4!1s0x31da3cc7612dd741:0x3b07ba6d0ff8c9f!8m2!3d1.3372954!4d103.9829081",6 AM - 12 AM
227,T2,Tunglok Tea House,Tea,2-3 hours,https://d22ir9aoo7cbf6.cloudfront.net/wp-content/uploads/sites/2/2018/10/Saltwater-Halal-Restaurants-Singapore-1024x731.png,https://maps.google.com/?cid=17075090982763700746,Open 24 hours
228,Jewel,Twelve Cupcakes,Desserts,2-3 hours,https://d22ir9aoo7cbf6.cloudfront.net/wp-content/uploads/sites/2/2018/10/Saltwater-Halal-Restaurants-Singapore-1024x731.png,"https://www.google.com/maps/place/Twelve+Cupcakes/@1.3603254,103.9893428,17z/data=!3m2!4b1!5s0x31da3c8963249ae3:0xc478987240ae1e46!4m5!3m4!1s0x31da3c8be0a8cc51:0x1d029e4300fd75ac!8m2!3d1.3603254!4d103.9893428",7 AM - 12 AM
229,Jewel,Violet Oon Singapore,Singaporean ,2-3 hours,https://d22ir9aoo7cbf6.cloudfront.net/wp-content/uploads/sites/2/2018/10/Saltwater-Halal-Restaurants-Singapore-1024x731.png,"https://www.google.com/maps/place/Violet+Oon+Singapore/@1.3605312,103.987577,17z/data=!3m1!5s0x31da3c8963249ae3:0xc4789872c75c8dc0!4m8!1m2!2m1!1sViolet+Oon+Singapore+jewel+changi!3m4!1s0x31da3d3c30e00c85:0xe209fa776b2e446!8m2!3d1.3605312!4d103.9897657",9 AM - 11 PM
230,T2,Wang Café,Cafe,2-3 hours,https://d22ir9aoo7cbf6.cloudfront.net/wp-content/uploads/sites/2/2018/10/Saltwater-Halal-Restaurants-Singapore-1024x731.png,https://maps.google.com/?cid=3857350306323094201,Open 24 hours
231,Jewel,White Restaurant,Singaporean ,2-3 hours,https://d22ir9aoo7cbf6.cloudfront.net/wp-content/uploads/sites/2/2018/10/Saltwater-Halal-Restaurants-Singapore-1024x731.png,"https://www.google.com/maps/place/White+Restaurant+@+JEWEL/@1.3599935,103.9874466,17z/data=!4m8!1m2!2m1!1sWhite+Restaurant+jewel+changi!3m4!1s0x31da3d9704aa4f45:0xb08922569ad1835b!8m2!3d1.3599935!4d103.9896353",10 AM - 10 PM
232,Jewel,Xiao Bin Lou,Chinese,2-3 hours,https://media-cdn.tripadvisor.com/media/daodao/photo-s/06/09/c1/c1/caption.jpg,"https://www.google.com/maps/place/Xiao+Bin+Lou/@1.359771,103.9904526,17z/data=!3m2!4b1!5s0x31da3c8963249ae3:0xc47898720f015825!4m5!3m4!1s0x31da3d580aa09559:0x56f833bf05cc4f82!8m2!3d1.359771!4d103.9904526",10 AM - 10 PM
233,T3,Xin Wang Hong Kong Café,Cafe,2-3 hours,https://d22ir9aoo7cbf6.cloudfront.net/wp-content/uploads/sites/2/2018/10/Saltwater-Halal-Restaurants-Singapore-1024x731.png,https://maps.google.com/?cid=6213279078222847387,9 AM - 2 AM
234,T3,Ya Kun Family Café,Cafe,2-3 hours,https://d22ir9aoo7cbf6.cloudfront.net/wp-content/uploads/sites/2/2018/10/Saltwater-Halal-Restaurants-Singapore-1024x731.png,"https://www.google.com/maps/place/Ya+Kun+Kaya+Toast+Family+Caf%C3%A9+Changi+Airport+Terminal+3/@1.356716,103.98651,17z/data=!4m5!3m4!1s0x31da3c8cfa0feeff:0xf39f7f7a77f65c9f!8m2!3d1.3565939!4d103.9866646",Open 24 hours
235,T1,Ya Kun Kaya Toast,Fast Food,2-3 hours,https://d22ir9aoo7cbf6.cloudfront.net/wp-content/uploads/sites/2/2018/10/Saltwater-Halal-Restaurants-Singapore-1024x731.png,http://www.changiairport.com/content/cag/en/maps.html#20/1.3620621/103.9914547/-67,Open 24 hours
236,T2,Ya Kun Kaya Toast,Fast Food,2-3 hours,https://d22ir9aoo7cbf6.cloudfront.net/wp-content/uploads/sites/2/2018/10/Saltwater-Halal-Restaurants-Singapore-1024x731.png,"https://www.google.com/maps/place/Ya+Kun+Kaya+Toast/@1.3563291,103.9868858,17z/data=!4m8!1m2!2m1!1sYa+Kun+Kaya+Toast+T2!3m4!1s0x0:0x572a92ae85e04e97!8m2!3d1.3553949!4d103.9899006",Open 24 hours
237,Jewel,Yu's Kitchen,Chinese,2-3 hours,https://www.goodfood.com.au/content/dam/images/h/1/9/u/g/l/image.related.articleLeadwide.620x349.h1amfk.png/1548743774027.jpg,"https://www.google.com/maps/place/Yu%E2%80%99s+Kitchen/@1.3596048,103.989696,17z/data=!3m2!4b1!5s0x31da3c8963249ae3:0xc47898722a032b44!4m5!3m4!1s0x31da3d03625d60cd:0xaf248cfdd45cd880!8m2!3d1.3596048!4d103.989696",10 AM - 10 PM
238,Jewel,Yun Nans,Chinese,2-3 hours,https://media-cdn.tripadvisor.com/media/daodao/photo-s/06/09/c1/c1/caption.jpg,"https://www.google.com/maps/place/YUNNANS+云海肴/@1.3597702,103.9871754,17z/data=!3m1!5s0x31da3c8963249ae3:0xc47898720f015825!4m8!1m2!2m1!1sYun+Nans+jewel+changi!3m4!1s0x31da3d0cdf6addbf:0x248cf820de6d974f!8m2!3d1.3597702!4d103.9893641",10 AM - 10 PM
239,T3,Akshaya Patra,Indian,2-3 hours,https://cdn.citynomads.com/wp-content/uploads/2019/05/01153334/y-min.png,http://www.changiairport.com/en/dine/dining-directory.html#/filter?tab=all,Open 24 hours
240,T1,Chin Lee,Chinese,2-3 hours,https://media-cdn.tripadvisor.com/media/daodao/photo-s/06/09/c1/c1/caption.jpg,http://www.changiairport.com/en/dine/dining-directory.html#/filter?tab=all,Open 24 hours
,,,,,,,
,,,,,,,
,,,,,,,